item,mean RT,sd for RT,mean rating,sd for rating
abbey,1710.5,1012.8,4.4,2.5
abbot,1714.8,1191.6,3.5,2.5
abduct,2027.5,1889.6,4.8,2.3
able,1945.7,1770.5,2.5,1.9
aboard,2165.4,1778.4,4.9,2.1
abode,1565.5,1265.5,3,2.3
abort,1832.5,1524.4,4.1,2.2
about,1779.7,1896.6,2,1.9
above,1960.9,1300.8,4.1,2.3
abreast,1851.5,1454.2,1.8,1.3
abroad,2042.7,1588,4.2,2.4
abrupt,2451.6,2296.5,3.1,1.8
absence,2818.8,4679,4.2,1.9
absent,1745.1,944.2,4.2,2.2
absolve,2519.2,3108.1,2.5,2
absorb,2513,2860.3,4.5,2
abstract,1931.7,1664.5,3.9,2.2
absurd,2454.4,2521.6,3,1.8
abuse,1858.4,1578.6,4.9,2.2
abyss,1802,1239.1,4.3,2.4
accent,1633.3,814.5,3.8,2.3
accept,1619.3,907.5,3.4,2.4
access,2039.5,1544.3,3.2,2.2
accord,2304.7,2129.8,2.5,2.2
account,2063.6,1795.5,4.2,2
accuse,1932.6,1147,3.6,2
achieve,2076,1554.9,3.6,2.1
acid,1462.4,754.1,5.9,1.9
acne,1225.1,626.1,6.5,1.4
acorn,1415.4,708.7,6,2
acquire,2067.6,1665.1,3.2,1.7
acre,1593,740,5,2.3
action,1720.6,1355.5,4.1,2.3
active,1949.9,2951,4.8,2.1
actor,1156.4,476.2,6.1,1.8
actress,1460.5,1042,6.4,1.3
acute,2891.1,4359.3,3,1.9
adage,1893.4,1366.7,1.6,1.3
adapt,2105.4,1721.8,2.9,1.9
addict,1718.7,1765.7,5.3,2.1
address,5542.3,14750,5,2
adept,1306.5,1819.3,2,1.9
adhere,1577.8,776.4,3.2,2.3
adjourn,1968.9,2027,2.1,1.6
adjust,1550.1,2031.6,3.5,2.2
admire,2556.2,2258.4,3.1,1.8
admit,2014.9,2564.5,3,2.1
ado,1475.2,1403.8,2.2,2.2
adopt,2352.1,3002.3,3.4,2.4
adore,2084.7,1840.8,3.6,1.9
adrift,2091.9,1516.9,3.2,2
adult,1117.2,465,6.5,1.5
advance,1734,1408.5,3.3,2.3
adverse,2500,2551,2.1,1.5
advice,2230,1750,3.3,2.2
advise,2001.3,1696.3,3.1,2.1
afar,1752.9,1531.8,2.5,1.6
affair,1858.1,1722.9,4.4,2.1
affect,2548.8,2481,3.3,2.3
afford,1920.6,1283,4,2.1
affront,2168.8,2554.5,1.8,1.6
afloat,1944.5,2509.1,4.5,2.2
afoot,1993.5,1317,2.6,2.3
afraid,1992.4,2224.1,4.8,2.2
after,1675.6,931.9,2.4,1.8
again,1503.9,2157.6,2.1,1.5
against,2323.9,2980.6,3.2,2.1
agent,1508,948.6,5.4,2
ago,1789.6,1608.8,1.8,1.3
agree,1826.4,1454.1,3.4,2.3
agreed,2109.2,1538.9,2.6,1.9
ahead,1905.7,1667.7,3.8,2.2
ailment,2828.1,5141,3.5,2.3
airport,1198.4,598.8,6.8,1
alarm,1589.9,925.3,6,1.7
alas,2906.3,6778,2.3,2
album,1423.8,959.5,6.2,1.5
alert,2596.5,2914.1,4.6,2.2
align,1818.9,1612.3,3.7,2.1
alike,1782.8,1586.4,3.7,2.3
alive,1997.5,1792.2,5.1,2.2
alley,1483.8,987.7,6.4,1.3
allow,2033.8,1709.7,2.2,1.7
alloy,1949.9,1275.3,4.3,2.2
allure,2075.1,2087.4,3.1,2.4
ally,1425.8,911.2,5,2.5
almond,1215.6,587.1,6.8,1.2
almost,1566.1,1038,2.9,2
aloft,1982.6,2084,3.2,1.9
alone,1734.5,1127.3,4.6,2.4
along,1609,1369.8,2.5,1.8
aloof,2048,1865.1,2.4,1.7
aloud,2316.2,2481.6,3.5,2.2
alpha,2233.3,1856.5,3.8,2.5
alright,1930.1,1433.2,2.4,1.6
also,1974.7,1849.8,1.9,1.6
altar,1483.2,912.4,5.4,2.3
alter,2171.4,2028.5,5.1,2.4
although,1596.7,1297.5,1.8,1.6
alto,2200,3147.8,3.5,2.3
always,2490.7,2202.6,2.7,1.8
amaze,2038,2035.7,3.1,2.2
amber,1764.1,2257.4,5,2.4
ambush,2122.4,1513.1,4.7,2
amen,1574.5,1119.9,3.8,2.8
amend,1899,1370.3,2.2,1.7
amid,1627.9,1659.1,2.3,1.8
amidst,2069.5,1434.7,2.8,2.2
amiss,1568.5,983,2,1.9
ammo,1261.9,382.2,5.4,2.2
among,1753.2,1383.7,2.6,2
amount,1984.2,1449.5,3.3,2.3
amuck,2061.7,1850.4,2.2,1.5
amuse,2319.3,2430.3,3.7,2
anchor,1080.9,499.5,6,2
ancient,1599.3,952.2,5.6,1.8
android,1793.4,1517.8,3.5,2.4
anew,1758.4,1324.6,1.8,1.2
angel,1671.9,1605.2,6.3,1.6
anger,2000.2,3234.9,4.8,2.3
angle,2066.7,2232.1,5.4,2.1
angry,1350.7,710.7,5.1,2.1
anguish,1777.5,1563.6,3.3,2.1
ankle,1052,327.7,6.6,0.9
annals,2817.7,1901.7,2.4,1.7
annex,2168.5,2079.2,3.2,2.2
announce,2476.8,2920.3,3.3,1.9
annoy,1683.8,1168.4,4.3,2.3
answer,1846.8,961.2,4.2,2.3
ante,1636,712,2.6,2.2
anthem,1611.1,855.7,4.7,2.1
anthrax,1903.5,1355.2,5,2.4
antique,1758.1,1191.2,5.9,1.8
antsy,2266.7,2194.1,3.4,2
anvil,2102.7,3618.5,4.6,2.5
anxious,2265.6,2653.8,4.2,2.1
any,1996,1949.1,2,1.6
apart,1743.5,1188.1,3.8,2.5
apex,1879.9,1666.5,2.6,2.1
appeal,2230.7,2032.4,3.3,2.1
appear,2324.6,2354.4,4.2,2.1
applaud,1635.4,1002.6,5.8,1.5
applause,1420.7,773.3,5.4,2.3
apple,1010.6,357.1,6.9,0.6
apply,2012.5,1900.3,3,2.1
appoint,1865.5,1299.2,3.4,2
approach,2301.4,2517.2,3.9,2.2
approve,2155.6,2020.8,3.4,2.3
apron,1304.3,777.2,6,2
arbor,2337.3,2750.8,4.2,2.4
arcade,1564.9,1194.5,6.7,1
archive,2096.7,1574.1,3.9,2.1
arctic,1600.5,789,6,1.8
ardent,1847.5,1269.1,1.4,1
argue,2107.3,2015.1,4.7,1.9
arise,2016.8,1769.2,3.5,1.9
armor,9359.8,45867,5.9,2
armour,1851.1,1808.6,5.7,1.8
army,1380,962.2,6.6,0.7
arose,1959.1,2262.6,3.8,2.1
around,1590.3,822.9,3.2,1.9
arouse,1706.9,1616.5,4.3,2.3
arrange,1790,1211.3,3.3,2.1
array,2123.1,1723,2.5,1.8
arrest,1445.7,700.9,6.2,1.4
arrive,1862.9,1199.9,4,2.1
arrow,1296.1,766.5,6.6,1.3
arson,1458,571.9,5.1,2.1
artist,1375.5,805,6.2,1.3
ascend,2137,2116.4,3.5,2
aside,1772,1125.7,3,2
asleep,1451.7,755.2,5.9,1.6
aspect,1939.3,1720.8,1.9,1.4
aspen,1743.1,1253.9,4.9,2.6
asphalt,1505.3,1166.4,5.5,2
aspire,1568.3,1341.9,3.8,2.1
assault,1639.6,1213.8,5.4,2
assert,1725.8,1085.4,2.3,1.6
assess,2107.6,1531.2,2.9,2
asset,2103.2,1407.6,3.9,2.2
assign,2210.7,1980.1,3.4,2.1
assist,1960.1,1814,3.6,2.1
assume,2039.7,1616,2.2,1.6
assure,1779.1,1386.3,2.4,1.6
asthma,1681.7,1151.9,5.3,2
astral,2049,2402.2,1.6,1.5
astray,2593.2,2260,3.5,2
astute,2157.7,2978.9,2.4,1.9
athlete,1447.1,1002.6,6,1.8
atlas,1333.2,650.8,6.2,1.6
atom,1600.8,1014.8,5.8,1.9
atone,1603.3,1243.5,2.3,1.9
attach,2416.5,2258.3,3.9,2.3
attack,1718.5,2332.9,4.9,2
attain,1943.2,1178.7,3.2,2
attempt,2058,1811.3,3,2.2
attend,1981.4,2370,4.3,2.1
attic,1236.7,635.6,6.4,1
attire,1498.5,800.4,5.3,2.1
attract,1979.1,1484.7,3.5,2.3
auction,1912.5,2794.3,5.7,1.6
audit,2215.2,2117.8,2.9,2
aura,2047.3,1493.5,3.1,2.1
author,1575,844.3,4.9,2.4
auto,1298.3,662.7,5.7,2
autumn,1470.8,1014.5,6.6,1.2
avail,1871.4,1267,1.7,1.1
avenge,1885,968.5,2.9,2.3
avert,1787,1516.3,2.5,1.8
avoid,1598.6,1124.1,3.7,2.2
await,1889.9,1557.6,2.9,2
awake,1736.6,1328.2,5,2.3
award,1529.8,745.1,5.1,2.3
aware,2267.2,2558.1,3.7,2.4
away,1941.9,1618.3,2.6,2
awesome,1910,1215.5,3.5,2.3
awful,2539,2836.6,2.9,1.9
awhile,1549.2,1037.6,2,1.5
awkward,2108.5,1962.8,5,2
awoke,2224.5,1592.4,4.3,2.2
awry,1570.9,1045.7,2,1.6
axis,1438.9,867.2,5.2,2.1
axle,1516.8,981.1,5.5,2.1
babble,2116.7,1801.1,4.4,2.1
baboon,1880.8,2943.9,6.5,1.2
baby,1005.3,305.8,6.9,0.3
backward,1794.6,1874.7,4.2,2.3
bacon,1089.6,379.1,6.7,1
bagel,1289.1,962,6.6,1.1
baggage,1239,921.4,6.3,1.5
bailiff,1917,2005.6,5.1,2.3
balance,2439.6,2705.4,4.9,1.9
ballad,1972.5,1621.6,3.6,2.4
ballast,2529.6,2681,2.2,1.8
ballet,1917.7,3815.2,6.5,1.3
balloon,1023.6,336.6,6.7,1.2
ballot,1557.9,852,4.9,2
bamboo,1176.9,591.1,6.6,1.4
bandage,1255.2,605.9,5.9,1.9
bandit,1634.6,1512.9,5.9,1.6
banish,2389.6,3238.5,3.6,2.3
banjo,1771.6,3006.3,6.7,1.3
bankrupt,2090.3,1707.5,4.7,2.5
banner,1569.7,994.6,6.1,1.4
banquet,1428.8,769.1,6.3,1.3
banshee,1705.1,975.2,4.4,2.3
banter,1646.1,932.7,2.9,2.1
baptize,1533.8,738.7,6.5,0.9
barber,1347,586.5,6.5,1.3
barely,3611.7,6946.2,3.9,2.5
bargain,1894.3,1165.7,4.3,2.1
barley,1465.7,798,5.5,2
barrage,2537.8,2838.2,3.9,2.2
barrel,1583.3,2742.7,6.5,1.3
barren,2048.4,2568.8,3.9,2.5
barter,2058.8,1845.4,4.2,2.2
baseball,1041.4,393.2,6.8,1.1
basement,1451,1303.9,6.6,0.9
bashful,2095.9,1743.5,4.7,2.1
basic,3042.4,3472.5,3.2,2.2
basil,1192.6,587.5,5.9,1.9
basin,1807,1331.2,4.6,2.3
basis,3001.1,3153.8,2.1,1.9
basket,1141.8,508.2,6.6,1.2
bastard,1634.1,1915.8,4.7,2.4
bathroom,1119.1,640.1,6.8,1.5
baton,1569.5,529.8,4.6,2.4
battle,1590.9,1531.1,5.8,1.7
batty,1849.4,1288.1,2.8,2.1
bayou,1601,874.7,4.2,2.7
bazaar,1775.3,1317.5,4,2.4
beacon,2018.4,1545.5,4.9,2.3
beanie,1561.9,836.3,5.8,2.1
beatnik,1900,1945.2,2.5,2.5
beauty,1386.3,865.4,5.6,2
beaver,1225.1,735.5,6.5,1.5
because,1624.1,1467.7,1.8,1.5
become,1665,1346.6,2.1,1.5
bedlam,1824.5,1156.3,2.3,1.8
bedroom,1140.4,556.5,6.8,0.6
beetle,1116.6,406,6.5,1.3
befall,2242.1,2409.2,1.8,1.7
before,2142.3,2132.1,2.3,1.6
beggar,1565.4,1073.2,5.4,1.8
begin,1762.9,1324.5,2.3,2.2
behalf,2465.2,2527.9,2.7,2.1
behave,2447.1,3296.6,3.3,2
behind,2174.7,2203.3,4.2,2.3
behold,1892.6,1197.4,2.9,2.2
being,1896.9,1273.7,2.8,1.9
belief,2125.8,2048.5,3.4,2.5
believe,2310,2208.8,3.3,2.2
belly,1625.3,2605.2,6.7,1.1
belong,2053.2,1534.7,2.8,2.1
below,3046.8,5328.3,4.4,2.3
beneath,2515.5,2273.6,4.2,2.3
benign,2017.4,1274.9,2.8,1.9
bequeath,2093.3,1639.2,1.8,1.4
beret,1996.6,1557,4.3,2.5
berserk,2050.8,1155.6,3.4,2.4
beseech,1446.3,629.8,2.2,1.8
beside,2073.4,1666.3,3.6,2.1
bestow,1645.7,915.1,2.5,1.6
betray,1620,1262.9,4.1,2.1
better,2536.1,2579.8,2.6,1.8
between,2314.1,3164.2,4.1,2.1
beware,2444.1,2068,3.3,2.2
beyond,1997.1,1720.6,3.5,2.3
bias,2262.1,1571.4,3.4,2.2
bible,1212.8,575.9,6.9,0.7
bigot,1686.2,1026.4,3.3,2.4
bimbo,2032.5,1659.1,5,2.2
bingo,1300.3,850.6,6.7,1.2
birthday,1400.6,1123.3,6.7,0.8
biscuit,1160.1,725,6.7,1.2
bistro,1873.3,2727.1,4.6,2.3
bitter,2002.3,2020.3,4.1,2.1
bizarre,2041.7,1968,4.8,2.1
bladder,1402,884.9,6,1.5
blanket,1160.7,848.1,6.3,1.7
blatant,2241.5,1726,3,2.3
blazer,1367.5,680.5,6,1.9
blemish,1429.2,862.7,5.6,2
blister,1198.7,318.3,6.2,1.7
blizzard,1178.2,552,7,0.7
blockade,1640.3,805,5.2,2.1
blossom,1840.2,2200.9,6.4,1.4
blubber,1653.8,1971.9,5.8,2
boa,1802.9,1224.3,5.4,2.4
body,1221.6,519.5,6.1,1.6
bogus,1910.8,1616.4,3.2,2.2
bona,2050.2,1816,1.9,1.7
bondage,1817.1,1011.8,4.4,2.4
bonfire,1186.8,631.2,6.8,1.2
bonnet,1203.4,585.7,6.6,1.2
bonsai,1706,1371.4,4.7,2.4
bonus,1933,1677.3,4.2,2.4
boogie,1739.8,1013.6,5.6,1.8
bookie,1623.2,909.8,5.2,2
border,1845.1,1270,6.3,1.4
boring,1901.2,1116.7,4.3,2.3
borough,3376,4091.4,2.5,2
borrow,2226.9,2855.3,3.8,2.4
bosom,2166.7,1934.2,4.6,2.4
bother,2897.5,5018.1,4.4,2.3
bottle,1122.1,716,6.7,1.3
bottom,1963.4,1392.7,5,2.4
boulder,1234.3,515.8,5.6,2.2
bounty,1881.2,1242.7,4.1,2.2
bouquet,1211.3,1678,6,1.5
bourbon,1564.1,724,5.2,2.2
boutique,1521.3,1148.1,5.9,1.6
bowel,1746.3,1470.2,5.7,1.8
boxer,1087.3,471.2,6.4,1.2
boycott,2038.9,2005.6,4.9,2.1
bozo,1623.8,1126.8,4.6,2.6
bracelet,1119.8,380.8,6.7,1.5
bracket,1871.3,961.9,5.2,2.3
brandy,1267.6,457.5,5.8,2
brassiere,1635.5,818.9,4.1,2.7
breakfast,1085.2,418.8,6.7,0.9
brigade,1888.1,1491.4,4.4,2.4
brisket,1379.3,534.2,5.1,2.3
brittle,1761.6,961.7,5.4,1.8
brochure,1474.3,958.3,6.2,1.5
broker,2105.2,2023.8,3.7,2.3
brothel,1614.9,663.8,5.3,2.2
brother,1499.7,1301.5,6.8,1
brunette,1079.9,402.7,6.7,1.1
brutal,1589.6,910.5,4.4,2.3
bubble,1095.1,446.8,6.8,0.9
bucket,1260.7,1069.8,6.4,1.5
buckle,1405.5,787.3,6.1,1.8
buddy,1681.9,1447.5,5.1,2
budget,1612.1,947.8,4.5,2.2
buffer,1650.9,1267.9,4.6,2.1
buffet,1165.3,321.5,6.3,1.7
buffoon,1483.5,1752.8,4.1,2.2
buggy,2622.2,4455.3,6,1.8
bugle,1771.2,1180.7,5.6,2.2
building,1195.6,471.8,6.7,1.3
bullet,1115.3,432.5,7,0.9
bully,1413.6,1058.1,6,1.4
bummer,1806.2,1333.1,3.2,2
bundle,1590.3,984.3,5.6,2
bungee,1351.3,464.8,6.1,1.4
bunion,1795.2,1112.2,4.2,2.7
bunker,1448.1,899.8,5.2,2.2
buoy,1794.9,1277.5,4.5,2.6
burden,2014.1,1384.9,3.7,1.9
bureau,1910.8,1752.3,4.4,2.3
burger,1251.2,786.3,6.8,0.8
burglar,1684,1533.8,6.3,1.1
burlesque,1818.6,1253.2,4.1,2.6
burro,1904.3,1371.9,4.5,2.5
burrow,2134.5,2192.5,4.9,2.2
bushel,1416.3,766.6,5.3,2.5
business,1697,1267.3,5.3,2.3
bustle,2066.2,1545.3,3.4,2.1
busy,2368.5,2276.4,4.7,2.2
butcher,1108.4,512.1,6.5,1.1
butler,1256.2,612.2,6.3,1.5
butter,1132.5,430.8,6.8,1.1
button,1093.9,499.7,6.5,1.2
buzzard,1252.3,635.9,5.4,2.1
bypass,2117.9,1832.4,4.3,2.5
cabbage,1095.9,547.2,6.7,1.3
cabin,1365.4,867.1,6.9,0.4
cable,1469.8,799.8,5.6,2.2
caboose,1438.9,638.5,5.8,1.8
cactus,1463.1,1434.9,6.9,0.4
caddie,1337.1,483.8,5.8,2
caddy,1350.7,799,5.7,1.8
cadet,1374.2,587.1,5.2,2.3
cafe,1139.6,566.3,6.7,0.8
caffeine,2149.4,2429.7,5.9,1.6
callous,1823.8,2655.9,4.3,2.6
camel,1078.1,533.6,6.8,0.8
campaign,1784.4,948.8,5,2.2
campus,1334.8,629.3,6.6,0.7
canal,1817.9,1945.3,5.8,1.7
cancel,1943.5,1552,3.3,2.2
cancer,1455,775.5,5.4,2.2
candid,2105.7,1641.7,2.6,2.1
candle,1544.7,2049,6.2,1.8
candor,1922.4,1422.1,1.8,1.3
candy,1080.7,486.8,6.6,1.3
canine,1582.9,1586.2,6,1.7
cannon,1271.1,659.9,6.4,1.3
cannot,1949.8,1777,2.4,2.1
canoe,1223.4,1063.4,6.5,1.2
canon,1765.4,1198.6,5.5,2.2
canteen,1201.7,614.7,6.2,1.5
canvas,1290.6,1801.2,5.9,1.9
canvass,1677.5,986.1,6.1,1.8
caper,2085.4,1205.5,3.3,2.3
capsule,1490.3,1981.4,5.7,1.9
captain,1378.8,673.6,6,1.7
captive,1583.2,799.6,5.2,2.1
capture,1617.6,950.4,4.9,1.9
carbon,1593.3,679.5,5.3,2.4
carcass,1665.2,1037.8,5.9,1.8
career,1940.4,2022,4,2.2
caress,2381.9,2415.1,4.4,2.1
cargo,1378.9,789.6,5.6,2
carnage,1849.8,1408.9,4.3,2.2
carnal,2460.7,1977.4,2.5,2
carol,2104.6,2325,4.8,2.2
carpet,1174.3,691.4,6.4,1.5
carriage,1668.8,1844.2,6.1,1.9
carrot,960.4,384.9,6.9,0.2
carry,1402.3,1037.5,4.7,2.4
cartel,1774.4,966,3.5,2.6
carton,1564.4,1076.4,6.2,1.6
cartoon,1529.9,1671.8,6.1,1.6
cartridge,1602.8,1152.4,6.2,1.6
cascade,1924.4,1686.8,4.7,2.1
cashier,1121.1,634.8,6.8,0.7
cashmere,1636,1397.1,5.3,2.2
casket,1445.6,1543.2,6.3,1.3
cassette,1365.1,545.3,6.6,1.2
castle,1375.5,1761.2,6.7,1
castrate,2241,1456.2,5.3,2.1
cattle,1126.8,721.1,6.5,1.3
caution,2505.3,3509.3,4.2,2
cautious,2243.4,1914.6,3.5,2.4
cavern,1347.2,559.7,5.3,2.1
cayenne,1862.9,1228.7,3.8,2.6
cedar,1515.4,1497.3,6,1.9
ceiling,1330.7,787.2,6.6,1
celeste,2185.9,2964.9,2.6,2.1
cellar,1509.2,792.8,6,1.8
cello,1596.6,1081.8,4,2.7
cement,1449.7,964.4,6.3,1.3
censor,2591.3,2617,4.2,2.2
census,1933.1,1383.2,4.1,2.4
center,2295.8,1852.6,5.5,1.6
central,2416.6,2022.6,4.4,2
certain,1996.1,1290.2,2.5,1.7
chalice,1756.4,1201.4,4.7,2.7
challenge,2196.1,1901.9,3.9,2.1
chamber,1689.6,1059.5,5,2.3
channel,1896.3,2423.6,5.6,2.1
chapel,1184,443.9,6.8,1.1
chaplain,1432.8,553.9,5.2,2.4
chapter,1652.9,1015.9,4.9,2.3
charade,1959.8,1434.2,3.6,2.3
charcoal,1119.7,390.4,6.7,0.8
charter,2026.3,2821.4,4,2.4
chartreuse,1933.9,1621.3,3.4,2.7
chassis,1903.5,1023.8,3.1,2.5
chateau,1894.3,1604.9,4.8,2.5
chauffeur,1478.3,913.9,5.3,2.2
cheddar,1310.9,814,6.4,1.3
cheetah,1023.7,497.8,6.9,0.5
cherish,3000.7,4389.4,3.6,2.5
cherry,1728.7,3808.2,6.7,1.2
cherub,2100.2,2809.1,3.5,2.7
chicken,1234.6,2016.6,6.6,1.1
children,1129.8,659.9,6.6,1.1
chili,1327.3,629.2,6.4,1.2
chilli,1602.1,1014.5,6,2
chimney,1543.7,1947.4,6.7,0.8
chisel,1390.9,759.6,6,1.6
chlorine,1577.9,736.9,5.7,2
chorus,1401.2,718.6,5.4,1.9
christmas,1185.4,943.2,6.8,0.5
chronic,2251.5,1873.4,3.3,2.4
chuckle,2162.8,2574.1,4.9,2.3
cider,1973.3,2674.6,6,1.6
cigar,1124.4,679,6.8,1.1
cinder,1924.5,1806,4.1,2.6
cipher,1998.8,1272,2.8,2
circa,3110.5,4451,2.6,2
circle,1284.7,857.4,6.6,1.3
circuit,1803.6,1514.9,5.2,2.2
circus,1843.9,3632.4,6.5,1.2
city,1176.3,532.4,6.1,1.9
civic,2119.3,2166.2,3,2.3
civil,2434.2,3023.9,3.4,2
classic,1798.7,1311.3,3.6,2.4
clatter,1855.3,1141.3,4.1,2.1
clearance,3187.6,6163.6,3.7,2.3
cleavage,1445,594.9,6.2,1.3
clergy,1346,493.6,5.5,2
cleric,1923.7,1066.3,3.5,2.6
clever,1973.2,1376,3.9,2.2
cliche,2456.7,1340.7,3.2,2.1
client,1776.4,1517.3,5.3,2.1
climate,2077.4,1398,5.3,1.9
climax,1621.1,1070.6,4.9,2.2
clingy,2006.5,2263.1,4.9,2.1
clinic,1353.1,678.6,5.7,1.9
closet,1572.5,1258.3,5.9,2
closure,1878.2,1394.8,3.4,2.2
clover,1000.6,306.6,6.7,1.3
clumsy,1349.8,745.9,4.7,2.4
cluster,1789.8,1328.5,5.1,2
clutter,1844,995,5.5,1.7
coaster,1954.4,1496.9,6.1,1.6
cobalt,1986.7,2453.2,5.3,2.3
cobbler,1465.1,675.6,5.4,2.2
cobra,1031.2,470.4,6.2,2.1
cocaine,1117.2,609.1,6.7,0.7
cocktail,1093.7,304.2,6.7,0.8
cocky,1849.8,1217.5,5.3,2.1
cocoa,1426.2,1206.8,6.5,1
cocoon,1592.7,1528.4,6.4,1.4
coed,1818,1221.5,4.2,2.5
coffee,1017.1,876.7,6.7,1.2
coffin,1083.9,466.6,6.6,1.1
cola,1024.8,351.5,6.7,0.9
collage,1920.7,1230,5.7,1.5
collapse,1555.4,888.3,5.3,2.1
collar,1293.2,752.2,6.7,0.6
collect,2437.2,2630,3.6,2.3
college,1216.4,511.1,5.7,2.1
collide,1415.1,699,5.2,2
cologne,1416,1012.4,6.1,1.5
colon,1820.7,1175.1,5.8,1.7
color,1532.1,1187.2,5.8,2.2
column,1641.8,1200.8,5.9,2.2
coma,1534.5,1437.8,5.9,2
combat,1743.5,2349.4,5.3,2
combine,1792.5,1107,4.2,2.2
comet,1617.1,1155.9,6.5,1.1
comfort,2173.2,2135,4.4,2.2
comic,1738.5,830.4,5.4,2.1
coming,2091.8,1783.6,3,2
comma,1764.6,1193.6,6.1,1.7
command,3053.6,4315,3.5,2.1
commence,2426.5,2383.2,2.8,2.1
commend,1991.3,1592.4,2.9,2
comment,1766,1112.3,3.3,2
commerce,2065.2,1280.9,2.7,2.1
commit,2086,1706.1,3.7,2.3
common,2028.4,2100.1,3.5,2.4
commune,3031.4,2401.1,2.7,2.1
commute,2105.7,1960.2,4.6,1.9
compact,1914.2,1703.2,4.6,2.3
compare,1913.3,1670.2,3.6,2.1
compass,1182.2,356.1,6.4,1.7
compel,1773.3,1159.8,2.8,1.9
compete,1798.5,1222.1,4,2.3
compile,1577.4,2083.6,3.5,2.3
complain,1555.4,949.2,4.1,2.2
complaint,2225.1,2597,3.4,2
complete,2540.4,2299.8,3.6,2
complex,1869.9,1085.6,3.6,2.3
comply,2213.4,1844.1,3.1,2.1
compose,2162.8,1291.3,4.1,2.2
compost,1812.3,1207,4.8,2.2
compound,2302.5,3952.6,4.2,2.5
compress,1949.4,1686.6,4.3,2.4
compute,3106.1,6539.2,4.1,2.2
conceal,2118.2,2014.2,3.6,2.3
concede,2485.5,2630.8,2.8,2.2
conceive,1495.2,1984.4,3.7,2.4
concept,1998.2,1852,1.9,1.7
concern,2440.6,3789.4,3,1.8
concert,2343,4906.5,5.6,1.9
conclude,2249.9,1975.8,3,2.4
concrete,1476.5,989.9,6.2,1.9
concur,2062,1731.3,2.6,1.9
condemn,2064.7,1490.3,4.5,2.4
condo,1529.3,742.7,6.1,1.5
condom,1763.9,1565.1,6.7,0.6
condone,2304.9,1083.3,2.2,1.6
condor,1556.4,1410,3.7,2.6
conduct,2355.9,2190,3.2,2
confer,1938.3,1348.8,2.7,1.8
confess,1992,1637.7,4.6,2.2
confide,2321.7,2492.7,3.1,2
confine,1917.3,1915.1,3.3,2.2
confirm,2282.7,2209.5,2.7,2.2
conflict,2676.3,3239.4,4.3,1.8
conform,2447.9,2949.2,3.4,1.9
confound,1742.4,1592.9,2.1,1.5
confront,2534.9,2434.3,4.4,1.9
confuse,2199.4,2297.4,3.4,2.2
conga,1998.9,2682.7,4.4,2.3
congress,1557.4,1337.7,5.5,1.8
conjure,1853.4,1523.8,3,2.1
connect,2382.8,2580.5,3.3,2.1
conquer,2120.8,1507.2,4.3,2.2
conquest,2225.5,2080.4,4,2.2
conscience,2411,1912,3.6,2.1
consent,1563.1,1845.1,3.1,2.3
conserve,2015.1,1565.6,3.4,2
console,2003.1,1891.1,4,2.2
consort,1754,1397,2.6,1.8
conspire,1638.1,1041.4,3,2.1
constant,1950.5,1237.7,3.6,2.1
construct,1970.4,1897.4,5.2,2
consul,2238.9,1787.3,2.9,2.1
consult,2685.1,3045,2.8,2
consume,2199.1,1858.3,4.7,1.8
contact,2243.8,1646.1,4.2,2.4
contain,2177.4,2131.5,3.5,2.2
contempt,1876.6,1387.4,2.9,1.8
contend,2244.3,2281,2.6,2
content,1990.8,1325.9,3,2
contest,1786,1179.9,4.2,2.3
context,1875.9,1366.4,2,1.3
contract,2077.4,1340.3,4.2,2.4
contraire,2025,2510.4,1.9,1.2
contrast,1866.2,1500.4,3.8,2.2
control,2028.1,1727.6,3.4,1.8
convene,1967.9,1788.5,2.7,1.9
convent,2027.3,1293.9,5,2.5
converge,2669.2,2730.9,3.6,2.1
converse,2073.6,1287.6,4.1,1.9
convert,2114.1,1313.2,3.4,2.4
convey,1909.5,2620.3,2.4,1.8
convict,2183.9,2315.3,4.9,2
convince,2058.1,1274.2,3,1.8
convoy,1691.3,1168.2,4.1,2.6
cookie,895.3,246.6,6.6,1.2
coolant,1565.9,670.8,4.8,2.4
copper,2390.9,5784.2,6.2,1.7
copy,1865,1355.4,4.2,2.5
coral,1307.6,732.3,6.1,1.8
cordial,2089.5,1835.1,2.7,1.9
cordon,2210.7,1901.8,2.4,2
corpus,3893.7,5322.8,3.8,2.3
corral,1584.3,881.3,6.2,1.6
correct,1555.3,1032.8,3.9,2.4
corrupt,2772.6,3334.1,3.3,2.2
corsage,1453.2,721.8,6,2.2
corset,1306.5,494,6,1.9
cortex,2444,1775.5,3.8,2.2
cosmic,1609,1092.6,3.9,2.5
cosmos,1585.6,1026.5,4.9,2.3
costume,1646.9,1043.6,6.5,1.4
cosy,1634,1019.4,3.7,2.3
cottage,1165.2,668.5,6,1.9
cotton,1546.1,2060.3,6.7,1.1
cougar,1187.2,591.8,6.5,1.4
council,1598.3,991.6,5.2,1.9
counsel,2425.4,2278.1,4.7,2.2
countess,2774.1,4685.4,4.3,2.5
country,1551.7,1116,6.5,1.3
county,2082.4,1429,5,2.3
couple,948,1512,5.9,1.4
coupon,1418.2,1788.6,6.3,1.6
courage,2451.5,2818.9,4.2,2.1
cousin,1532.8,1345.3,6.2,1.7
coven,2139.3,2283.9,2.7,2.1
cover,1690.4,881.7,5.5,1.9
covert,1859.6,1214.3,3,2.3
covet,2193.3,2221.5,3.2,2.1
coward,1727.8,1198.4,4.7,2
cozy,1934.1,1582.2,5.1,2
crackle,2189.2,2211.6,5.1,1.9
cradle,1432,725.1,6.1,1.5
crater,1448,718.7,6.3,1.4
crazy,1952.4,1535.5,5.2,2.1
create,1954.8,1624.9,3.8,2.3
creature,1599.1,978.8,6,2
credit,2276.6,2287.3,4.4,2
credo,1944.1,2070.6,1.7,1.1
crescent,1759.3,1407.6,5.5,2
cretin,2080.9,1171.6,3,2.2
cricket,1384.9,904,6.3,1.6
crimson,1539,1004.4,5.5,2
cripple,1448.4,799.3,6.3,1.1
crisis,1728,1046.6,4.4,2
critic,1314.7,363.9,4.6,2.2
critter,1482.8,661.4,6.2,1.5
crooked,2579.1,4491.2,4.8,2.2
croquet,1485.8,764.3,5.2,2.3
crucial,2380.7,1524.7,2.8,2.1
crumble,2941.5,5073.9,5.4,2
crusade,1589.2,1121.9,5,2.4
cryptic,1832.8,1259.1,2.8,2
crystal,1478.3,1765,6.5,1.3
cubic,1902.8,1180.4,4.9,2.3
cuckoo,2439.1,2060.6,4.7,2.2
cuddle,1370.2,735.8,6.1,1.4
cuisine,1359.2,547.1,5.3,2
culprit,1882.5,1771.9,4.4,2.4
culture,1896.2,1174,4.5,2.1
cunning,2020.1,1273.2,4,2.1
curfew,2122,1889.4,3.8,2.6
current,2005.5,1545.4,3.8,2.3
curry,1954.8,1778.8,4.1,2.4
curtain,1354.4,781.1,6.4,1.4
curtsy,1533.9,930.3,5.3,2.4
cushion,1202,620.8,6.1,1.7
custard,1725.7,1061.5,5.4,2.1
custom,2488.6,3440.6,3.3,2.1
cycle,1613.8,1017.7,6.1,1.7
cynic,1827.3,1102,2.7,2
dabble,1804.1,1054.7,2.8,2.2
daddy,1313.1,883.6,6.6,1.2
dagger,1135.8,438.9,6.4,1.7
dainty,1793.9,1143.1,3.8,2.4
dairy,1311.1,770.1,6.2,1.5
daisy,774.4,1449.3,6.6,1.4
damage,1998.4,2244.9,5.1,2.2
damsel,1471.9,1052.6,4.8,2.2
dandruff,1406.5,1044.9,6.4,1.4
dandy,2032.5,1401.9,3.1,2
danger,2067.9,1966.2,4.6,2.1
dangle,1822.5,1498.5,5.5,1.9
dapper,1977.8,1545.3,2.9,2.4
darling,1821.1,1420.6,4.6,2
data,1966.9,1267.2,5,2.2
daughter,1033.2,373.6,6.8,0.5
dawdle,1876,1664.2,2.7,1.9
dazzle,2674.6,3962.3,4.4,1.8
deacon,1408.4,590.7,5.1,2.5
deadline,2116.8,1871.7,3.6,2.4
dealer,1363.4,524.5,5.6,1.9
debate,1619.6,1105,4.3,2.2
debris,1533.6,717.9,5.4,1.9
debut,1989.5,2030.2,3.3,2.4
decade,2323.1,2496,3.7,2.6
decaf,1869.1,1172.4,5,2.3
decay,3565.5,6864.4,5.4,1.8
deceit,2391.7,2681.3,2.7,1.9
deceive,2051.1,1302.3,3.2,1.9
decent,2710.3,2563.5,2.8,1.9
decide,1836.8,1338,2.4,1.6
declare,1742.9,934.7,3.5,2.1
decline,2272.4,2289.6,3.9,2.1
decor,1614,1041.4,4.9,2.2
decoy,1778.1,1390.4,4.9,2.1
decrease,3246.5,3493,3.9,2.3
decree,3271.5,5561,3.3,2.3
deduce,2410.9,4262.3,2.2,1.8
deduct,1732.3,1324,2.7,2
default,1842.8,1273.3,3.4,2.2
defeat,2162.2,2005.7,4,2.2
defect,2107.3,1532.3,3.2,2.1
defence,2833.4,2603.3,3.4,2.3
defend,2288,2099.6,3.5,1.9
defense,2906.3,3552.8,3.8,2
defer,1747.8,1285.6,2.3,1.9
define,1748.7,1100.5,2.9,2.2
deflect,2071.7,1223.6,3.8,2
defuse,1705.9,1112.9,3.1,2.3
defy,1863.1,1701.4,3.2,2.4
degrade,2396.4,2047.1,3.3,2.1
degree,2049.8,1404,5,2.4
delay,1917.2,1572.1,3.1,2.1
delete,2422.3,2283.3,5.2,2.1
delight,1930.9,1255.2,4.1,2.1
deluxe,2185.3,1762.2,3.7,2.2
demand,1878.9,1197.7,3.5,2.3
demise,2042.6,1727.3,3.4,2.3
demon,1985.7,3649.4,6.1,1.6
denim,1127.4,414,6.2,1.7
denounce,1826,1400.6,2.9,2.3
dental,1698.2,1487.6,6.2,1.1
dentist,1021.5,646.5,6.7,0.9
depart,1927.5,1785.5,3.6,1.8
depict,1797,1161.6,2.5,1.6
deploy,1539.1,861.3,4.4,2.3
deport,2385.1,1946.4,3.7,2.2
depot,1658.2,956.9,4.1,2.3
depress,2347.4,1591.5,4,2.2
deprive,1879.8,2223.8,3,2.4
derby,1487.8,999.2,4.2,2.5
derive,2307.7,2158.6,2.9,2
descend,1898.6,1566.9,4,2.1
descent,3181.8,2600.5,3.3,2
describe,2181.5,1591,2.7,2.1
desert,1492.2,794.1,6.5,1.4
deserve,2106.9,1629.2,3.2,2.3
design,3488.2,10855.1,4.5,2.2
desire,2438.5,2581.2,3.2,2
desist,2653.2,3156.1,2.7,2.1
despair,1725.2,1228.3,3.9,1.9
despise,3112.7,5865.7,3.5,2
despite,2312.7,3523.8,2.4,2
dessert,1214,577.8,6.8,0.8
destroy,1705.3,1651.4,5.1,2
destruct,2414.4,1830.3,4.3,2.1
detach,2056.1,1817.1,3.6,2
detail,3043,4151.4,2.9,2
detain,1906.6,1199.8,3.4,2.3
detect,2659.8,2747.7,3.2,2.4
detest,2289,1281.7,2.5,2
detour,1600.9,838.3,4.6,2.3
detox,1976.9,1966.1,4.2,2.5
device,2190.1,2385.6,4.9,2.1
devil,1015,289.8,6.4,1.4
devise,3073,5109.9,3.4,2.3
devoid,1798.5,1445.2,1.9,1.4
devote,2302.4,2181.5,2.7,2
devour,1578.9,1175.4,4.6,2.2
devout,1976.9,1577,3,2
diaper,1345.8,768.1,6.7,0.9
dictate,2283.9,1994.1,3.2,2.2
diesel,1788,2436.7,6,1.6
diet,1896.1,1554.9,5.4,2.1
differ,2274.7,1612.6,3.1,2
diffuse,1738.7,1183.7,3.4,2.1
digest,1821.8,1082.9,5,2
digit,1601.8,1383.1,5.6,2.3
dildo,2075,1134.8,5.8,1.7
diner,1460,1317.3,6.3,1
dinghy,1861.4,975.5,3.1,2.5
dinky,1727.1,975.1,4,2.4
dinner,1752.1,2142.6,6.4,1.5
direct,2114.1,2080.1,3.2,2.2
dirty,1492.7,701.1,6.1,1.5
discard,2583.8,3009,4.1,2.3
disclose,2421.1,3107.4,2.6,2
disco,1230.4,613.5,6.4,1.2
discord,1887,1444,2.3,1.9
discount,1909,1298.7,3.5,2.4
discreet,2333.8,1952.9,3,1.8
discuss,2895.3,3156.7,3.3,2.2
disdain,1938.7,1500,2.5,1.9
disease,1439,926.9,5.3,2.2
disgrace,2485.1,2462.9,3,2.1
disgust,3165.8,2786.6,4.2,2
dismal,1906.8,1353.9,3.2,2.2
dismiss,1714.2,841,3.8,2.2
dispatch,1860,1079.9,3,2.2
dispense,2025.2,1483.4,4.1,2.2
disperse,2702.8,3846.5,3.4,2.1
display,2275.8,2271.3,4.5,2.1
dispose,2222.1,2004.1,4.1,2
dispute,2033.1,1832.8,3.7,2.3
disrupt,2478.1,2775.9,3.8,2.2
dissect,1820.1,889.3,4.9,2.3
dissent,2878.6,4800.4,2.8,2.1
dissolve,1870.9,1761.8,4.1,2.2
dissuade,1835.3,1578.4,1.8,1.8
distant,1962.7,1433.9,3.7,2.1
distinct,2066.7,1460.8,3.1,2.1
distract,2571.9,3556.7,3.5,2.3
distress,2063.4,1297.7,3.9,2.2
district,2274.6,2416.9,4,2.3
disturb,2479.2,3022.1,3.8,2.1
ditto,2428.3,2043.3,3.1,2.2
ditty,2333.5,2730.9,1.8,1.5
diverse,1753.5,1252.4,4,2.4
divert,2791.9,3439.8,3,2.2
divide,1965,1396,4.7,2
divine,2086.2,1543,4.2,2.4
divorce,1580.5,1345.4,4.7,2.5
divulge,1922,2322.3,2.1,1.7
dizzy,1542.3,1070.7,4.9,2.1
docile,1918.3,1370.6,3,2.1
docket,1946.6,1118.6,2.4,2.2
doctor,1310.6,1411.4,6.9,0.5
doctrine,1907.8,1334.5,4.3,2.3
doing,1917.9,2888.9,2.5,2.1
dollar,1141.1,639.2,6.9,0.4
dolphin,937.8,290.6,7,0.2
domain,2343.7,2180.9,3.3,2.2
donate,1802.1,1446.8,4.4,2
donkey,1413.8,1416.7,6.8,1.1
donor,2019.2,1527.3,4.6,2.1
donut,1377.3,1077,6.9,0.2
doodle,1454.2,758.9,5.6,1.9
doozy,2489.7,2134.3,3.3,2.2
dormant,1884,1181.4,4.1,2.4
dorsal,1672.4,1425.3,4.5,2.6
dosage,2187.3,2015.7,3.9,2.1
double,1632.1,1031.5,5.3,1.8
doughnut,1228,771.3,6.8,0.5
downtown,1381.8,834.1,5.8,2
dowry,2241.3,1444.3,4.2,2.2
dozen,1302.1,580.7,6.1,1.6
dragon,1145.5,656.9,6.7,0.8
drama,1734.7,1116.7,4.9,2
drastic,2872.7,3113.9,3.3,2
drawing,1271.5,671.1,5.7,2
dreary,1671.6,1154.7,3.7,2.3
dresser,1431.5,1049.7,6.2,1.4
dribble,1522.4,1308,5.9,1.6
drifter,2723,5438.2,4.6,1.9
drivel,1872.1,1647.3,2,1.7
drowsy,1392.1,695.7,4.7,2.3
druthers,1814.2,1679.5,1.6,1.3
dryer,1124.9,399.5,6.1,2
dual,1713.6,1273,5,2.1
duel,2057.4,1768.7,5.2,2.1
duffel,1297.9,751,4.8,2.3
duly,1664.2,1244.7,2.1,2
dummy,1840,1393.3,5.3,2.1
dumpster,1334.5,1434.5,6.3,1.5
duress,1781.1,1376.4,2.6,1.7
during,2086.3,2228.8,2.1,1.7
duty,1564.1,1009.5,4,2.4
eager,1907.1,963.5,3.3,1.8
eagle,1130.3,521.2,6.4,1.5
early,2806.2,3423.4,3.9,2.3
earnest,2549.9,2632.9,2.2,1.6
earring,1381,678.2,6,2
easy,2093.8,1829.8,3.2,2.2
echo,2177.6,2143.6,4.2,2.5
eclipse,1286.6,555.6,5.9,1.5
edit,1700.6,836.6,3.7,2.3
eerie,2080.3,1913,4.1,2.2
effect,2320.1,1994.1,2.8,1.8
effort,1778.1,1211.1,3.5,2.1
either,1623.6,1302.4,2.3,1.6
eject,1734.1,1213.2,4.7,2.4
elbow,940.3,251.2,6.5,1.5
elect,1804.2,1254.5,4.4,2.3
elite,2143.2,2497,4.4,2.1
email,1562.6,1735.4,6.3,1.3
embark,1479,1909,3.3,2.2
emblem,1821.7,956.6,5,2.4
embrace,1504.1,951.4,5.1,2
emerge,2358.8,1919.4,4.3,2
empire,2558,4773.9,5.8,1.7
employ,1937.9,2342.1,4,2.4
empty,2253.5,4376.7,5.5,2
encore,2044.9,1319.8,3.1,2.3
endorse,2122.2,2577.5,3.1,2.3
endure,1884.2,1740.3,2.9,2.1
enforce,2165.4,1489.1,3.7,2.1
engage,2406.1,2146.2,3.8,2.2
engine,1114.7,527.7,6.3,1.9
enhance,2137.6,2057.1,3.6,2.3
enjoy,2066.1,1415.2,3.7,2.3
enlist,2101.9,2185.6,3.5,2.4
enough,1743.3,1522.2,2.7,2.2
enroll,1872,1813.4,4.2,2.2
ensign,2307.5,2449.5,1.8,1.4
ensure,1589.8,1079.3,2.6,2
enter,2012.7,2108.3,4.1,2.3
entice,1685.6,733.1,3.2,2
entire,2378.6,2001.8,3,2.1
entrails,1826.6,1757.1,3.8,2.6
entrance,2084,3305.9,5.9,1.9
entree,1964.1,1482.9,5.2,2.1
entry,1667.7,1461.4,4.9,2
envoy,2212.7,1508.5,2.4,2
envy,1997.1,1583.6,4,2.5
enzyme,1875.9,1156.5,4.8,2.1
epic,1650.8,1135.1,4.2,2.4
equal,1813.5,1328.5,4.8,2.1
era,3196.8,4950.5,3.2,2.1
erase,1869.5,1146.9,5.6,1.8
erect,1541.9,874.5,5.8,2
ergo,1727.3,1055.9,2.1,1.8
ermine,1375.4,1707.7,1.7,1.9
errand,1878,943.9,4.7,2.2
error,1911.8,1131.1,4.8,2.3
escape,2552.2,2652.8,4.5,2.2
escort,1851.4,1829,5.5,1.9
escrow,1812.3,1704.9,2.3,1.9
essay,1427.9,689.3,5.7,2
essence,1876.4,1244.8,2.8,2
estate,1394.9,753.5,4.7,2.4
esteem,2129.5,2029.3,3.3,2
ether,1627.6,614.5,2.8,2.3
ethic,2427.5,1862.4,2.9,2
ethics,2130.1,1884.5,2.8,2.2
ethnic,1634.7,1635.8,4.7,2.1
evade,1971.3,1773.2,3,2.2
even,1845.5,2057.3,3,2.3
ever,1421.2,755,1.8,1.3
every,1788.9,981.5,2.4,2
evict,2171.3,2016.2,4.2,2.3
evolve,1884.2,1344.2,4.1,2.4
exam,1208.8,530.1,6.2,1.4
exceed,3026.5,3961.7,2.9,2.1
excel,1994.1,1345.3,3.6,2
except,1966.7,1939.7,2.3,1.8
excess,2122,1662.3,3.7,2
exchange,3029.5,3697.4,4.1,2.3
excite,2246.4,3037.3,4.4,2.1
exclude,2377.4,2421.9,3.5,1.8
excuse,2413.9,2320.1,3.1,2.1
exempt,1819,1614.4,3.2,2.1
exert,1974.9,1441.3,3.2,2
exhale,2105.6,3255.7,4.8,1.9
exhaust,2411.1,2084.2,4.7,2.6
exile,1949.1,1449.8,3.6,2.6
exist,2060.5,1807.8,3.3,2.3
exit,1527.1,854.5,6.2,1.3
expand,1752.7,1215.4,4,2.2
expect,2062.5,1839.6,3.1,2.1
expel,1991.9,2170.1,3.7,2.4
expense,2570.1,1841.8,3.7,2.1
expert,2221.8,1900.5,4.5,2.3
expire,2281.6,2603.9,3.7,2.3
explain,2174.8,2438.4,3.6,2.3
explode,1672,1402.5,6.4,1.6
exploit,3070.4,5249.4,2.7,1.9
explore,2124.7,1935.8,4.5,1.9
export,2166.2,1533,3.3,2.2
expose,3204.5,5383.5,4.1,2.3
express,1825.4,1462.5,3.9,2.4
extend,1977.5,1627.2,4,2.3
extent,2123.7,1449.4,2.6,2
extinct,2129.8,2877.3,4.7,2.3
extort,2109.3,2549.5,1.8,1.6
extra,1868.5,1578.6,3.5,2.1
extract,2216.1,3247.4,4,2
extreme,1987,1933.9,4.1,2.4
fabric,1498.1,1693.2,6.1,1.5
facade,2990.4,4042.9,2.6,1.7
facial,1827.7,1372.9,5.8,1.7
faction,2335.6,1666.7,3.2,2.2
factor,2191,1421.4,3.3,2.3
failure,2334.9,2378.9,3.8,2
fairy,1302.3,777,6.1,1.5
falcon,1352.1,1264.3,5.4,2.2
fallow,2795.8,4582.5,2,1.8
famine,1859.4,1515.6,5.1,2
famous,2246.6,2657.3,5.4,1.8
fancy,1489.8,1015.3,5,2.2
fanfare,2265.6,1854,3.2,2
farewell,1725.4,1152.8,4.3,2.2
farmer,1077.9,569.8,6.7,1
farther,2066.5,1546.3,3.6,2
fashion,1752.5,1788.8,5.7,1.6
fatal,1876.3,3035.2,5,2.2
father,1310.9,1517.8,6.6,1.3
fathom,1729.6,985.8,2.5,1.7
fatigue,1876.1,2057.2,4.3,2
faucet,1724.9,1593.2,6.3,1.7
fauna,1563.1,707.3,2.7,2.5
favor,2105.9,2011.8,3.1,2.1
feather,1380.6,1813.3,6.4,1.5
feature,1965.9,1252.9,3.6,2.4
fecal,1877.6,1443.2,4.7,2.3
feces,1677.5,1442.5,5.9,2.2
feeble,2252.8,2442.4,3,2.2
feeling,2124.1,1387.1,3.5,2.2
feline,1689.4,1189.7,5.3,2.5
fellow,1892.5,1117,3.3,2.2
felon,1629.5,762.2,5.3,2.2
female,1414.8,1300,6.6,1.1
femme,1851.3,1713.4,2.8,2
femur,1422.8,582.8,5.9,1.9
fender,2275.8,2462.4,4.7,2.4
fennel,2025.9,1593.7,2.5,2.3
ferret,1232.5,863.9,6.5,1.4
ferry,1475.6,859.7,5.4,2.2
fertile,2123.4,2150.4,4.7,2.2
fester,2344.3,2891.6,3.8,2
festive,1944.2,1230.7,5.1,2.2
fetal,2389.8,2470.4,5,2.1
fetish,2104.9,1933.5,3.8,2.4
fetus,1195.7,694,6.5,1.4
fever,1458.6,791.1,5.3,2.4
fiber,1606.4,747.1,5.1,1.9
fibre,2269.3,2795.8,2.7,2.3
fickle,2178.3,2871.3,2.5,1.9
fiction,2187.3,1534.8,3.7,2.2
fiddle,1398.8,1350.6,5.8,2
figment,1998.1,1088.1,3,2.1
figure,1864.7,1611.9,4.7,2.2
final,2559.3,2476.8,4,2.1
finance,2246.7,2302.1,4.4,2.1
finesse,2031.2,1082.6,3.1,2.2
finger,1209,594.6,6.9,0.4
finish,1715.4,1488.5,4.1,2.3
finite,2710.6,3049.3,2.8,1.8
fiscal,1703.4,809.3,2.2,1.9
fitness,1496.1,1169.5,5.4,1.6
fixture,1844.1,1374.3,4.6,2.2
flagrant,1964.2,1260.1,2.8,2.1
flannel,1504,1098.7,6.2,1.9
flavor,1581,891.3,4.3,2.5
flier,2157.5,1430.2,4.7,2.4
flimsy,1758.2,1381,4.9,2.2
floozy,1803.5,1388.1,3.8,2.4
flourish,1903.8,1212.8,4,2.2
flower,1408.8,1368.4,6.5,1.3
fluent,1707.2,1099.4,3.5,2.3
fluid,1910.1,1659.1,6.1,1.4
flutter,1720,1246.4,4.8,2.1
flyer,1571.1,1079.2,6.1,1.6
focus,2194.8,3133,3.8,2.3
folder,1398,739.8,6.6,1.3
follow,1885.6,1851.1,4.3,2
folly,2022,1632,3.3,2.3
fondue,1356.6,718.4,6.3,1.9
footage,1718.5,766.7,4.8,2
football,1231.3,740,6.6,1.2
forbid,1903.6,1544.1,3.6,2.3
forego,2207.3,3186.8,2,1.5
forehead,1355.1,659.3,6.7,1.1
foreign,1688,1120.2,3.8,2.2
forest,1134.9,588,6.7,0.8
forfeit,2073.5,2317.1,3.1,2.2
forget,2577.4,3130,3.1,2.1
forgive,2179.3,2173.9,3.7,2.3
forgot,2360.8,2597.2,2.7,2
formal,1700.8,1217.6,5.1,2.1
format,1702.7,1447.2,2.6,2
former,1836.5,1374.8,3.3,2.1
forsake,2076.8,1545.6,2.8,2.2
forte,2268.6,1888.7,2.4,2.1
fortress,1404.7,794.4,5.8,1.7
fortune,2170.8,1432.1,5,2.1
forum,1668.9,1335.7,3.8,2.4
forward,2284.9,3289.4,4.1,2.2
fossil,1405,1120.5,6.2,1.7
fountain,1400.4,724,6.2,1.5
foyer,1765.5,1360.4,4,2.5
fraction,2206.9,1647.2,4.9,2.2
fracture,2009.7,1846.1,5.7,2.1
fragile,2263.7,2345.6,4.7,2.4
fragment,2207.9,2017.2,5.2,1.8
frantic,2329,2278.2,3.9,2.2
freckle,1136.9,475.9,6.7,1.7
freebie,1922.4,874.7,3.9,2.2
freedom,1789.6,859.8,4.6,2.3
frenzy,1958.3,1660.8,4,2.2
friction,2644.1,1844.1,4.8,2
friendship,1995.2,1919.9,5.1,2.2
frigid,1799.7,1242.4,4.5,2.4
frisky,1932.1,1840.6,4.4,2.4
frolic,2024.3,1583.7,4,2.3
frontier,1646.1,791.7,5.1,2
frozen,1265.3,690.9,6.1,1.6
fulfill,1662.3,912.3,2.5,1.9
fumble,1422.1,892.5,4.9,2.4
function,2343.7,2046.9,3.1,2.1
fungus,1305.4,706.6,6.1,1.8
funnel,1389.3,983.2,6.7,1.1
funny,1375.1,802.3,4.7,2.3
furlough,2296.4,1728.7,1.9,1.9
furnace,1193.4,496.5,6,2.2
furnish,2365.8,2683.1,4.6,1.8
further,2130.1,1919.1,3.7,1.9
fury,1988.7,1411.3,4.4,2.1
fusion,2015.6,1152.7,4.1,2.3
futile,2340.5,1503.3,2.7,2.1
futon,1278.8,542,6.2,1.6
future,2022.3,1391.2,4,2.4
gable,1974.2,1316.8,1.9,1.5
gadget,2173.4,3291.2,5.8,1.3
gala,4051.1,13468.8,3.6,2.3
gallant,2309.8,1813,3.1,2.3
galley,3640.4,10492,4.3,2.6
gallon,1163.4,459.5,6.5,1.5
gallop,1623.1,1296.6,5.9,1.9
gallows,1896.9,1724.4,4.2,2.5
galore,2118.5,1864.6,2.8,2.2
gamble,2084.2,3072.4,5.6,2
gander,2273.9,1717.9,3.7,2.1
gangrene,1826.6,1070.7,4.6,2.4
gangster,1252.5,799.5,6.6,1.1
garage,756.6,1453.9,6.8,0.6
garbage,1184.6,888.4,6.4,1.3
garden,1358,1648.3,6.8,0.8
gargle,2176.4,1710.5,5.5,1.7
garland,1448.5,610.3,4.5,2.5
garlic,1146.9,437.8,6.5,1.2
garment,1663.3,1179.9,5.9,1.7
garnish,1610.5,1153.8,5,2.1
garter,1807.5,1304.5,4.3,2.6
gasket,1792.5,1207,3.7,2.4
gather,1669.4,1400.7,4.3,2.2
gator,1155.6,557.1,6.6,1.2
gauntlet,1954,1463.7,5.2,2.1
gavel,1572.7,680.6,5.3,2.4
gazelle,1523.6,1453.1,5.7,2.5
gazette,1783.3,1047,4.7,2.4
geezer,1662.3,1534.2,5.2,2.2
gender,1589.7,988.5,5.8,1.9
genie,1459.5,594.5,6.2,1.7
genius,2288.9,2886.6,5.1,2.1
genome,1813.2,767.2,3.5,2.4
genre,1994.3,927.2,3.7,2.4
genteel,1874.1,1598.1,2,1.8
gentile,2453.3,1520.3,3.3,2.2
gentle,2063.5,1508.3,4.9,2.2
gentry,1846.7,1521.8,2,1.7
gerbil,1082.1,356.9,5.9,2
gesture,1849.2,1232.4,4.6,2.2
getting,1926.5,1563.7,2.4,2
ghetto,1395.4,1590.1,6.1,1.6
giddy,1393.7,629.4,4.5,2.5
giggle,1193.2,583,5.7,1.9
gimmick,1748.4,1191.9,3.9,2.3
ginger,1761.4,1923.9,6.2,1.6
giraffe,1078.3,810,6.9,0.3
girdle,1555.4,692.4,5.9,2
gizmo,1548.4,965.4,4.9,2.2
glacier,1234.5,725.9,6.6,1
glamour,1961,1897.1,4.3,2.5
glimmer,2051.6,1538.6,4.7,1.9
glitter,1700.3,2800.6,6.3,1.7
glory,1873.7,1408.6,3.9,2.2
glucose,1716.6,1192.6,5.1,2.1
glutton,1926.2,1225.6,4.2,2.5
gnarly,1602.2,816.4,4.3,2.4
goalie,1346.5,578.2,6.2,1.4
goatee,1455.6,899.9,6.5,1.3
gobble,2275.3,1976.2,5.4,1.9
goblin,1324.9,650.3,6.2,1.4
goddess,1485.7,917.6,5.8,1.9
goggle,1667.7,1326.2,6.3,1.5
going,2079.6,2143,2.8,1.9
golly,1583.7,1365.2,2.2,1.9
gonna,3826.4,7580.7,1.9,1.6
gopher,1142.2,734.3,6.2,1.6
gorgeous,1650.9,1152.6,6,1.3
gospel,1632.5,3266.7,6.1,1.8
gossip,1758.3,1404.4,4.8,2.1
goulash,1700.5,1208.3,5.1,2.6
gourmet,1772.4,787.6,5.5,1.9
govern,1987.4,1134.5,3.9,2.4
grammar,1631.6,1031.4,4.8,2.3
grandeur,1820.1,1506.4,3.2,2.1
granite,1659.6,1910.4,6.4,1.4
graphic,1823.9,1695.9,5.7,1.8
grateful,1902.3,1395.9,3.6,2.3
gravel,1609.5,1425.9,6.3,1.3
gravy,1303.5,791.3,6.7,0.8
grievance,1735.1,1820.6,3,2.1
grievous,2001.8,1457.9,2.9,2
grisly,2327.2,1753.3,4.8,2.4
grizzly,1450.2,1078.9,5.7,2.3
groggy,2810.4,5740.2,4.8,2.2
groovy,1777.9,1325,4.3,2
grotesque,2511.9,4287.6,4.3,2.3
grotto,1855.1,1576,3.4,2.4
grovel,1995.6,1391.6,4,2.1
guidance,2039.2,2030,3.9,2.1
guitar,1062.4,751.9,6.6,1.3
gully,2051.2,2201.9,3.9,2.5
gumbo,1855.6,2569.9,5.4,2.5
gurney,1734.3,728,5,2.3
guru,1990.3,2129.6,5.3,2
gusto,1827.9,1261.6,2.8,2.1
gutter,1446.6,1209.3,6,1.9
gymnast,1429.1,665.8,6.1,1.7
gypsy,1097.1,387.4,6.3,1.6
habit,2408,2786.6,4.2,2.5
haggard,2102.6,1290.8,4.3,2
haggle,1633.4,751.8,3.7,2.3
hairdo,1650.6,962.8,5.5,2.1
hallway,1554.4,1411,6.4,1.2
halo,998,298.2,6,1.9
hammer,992.6,426,7,0.2
hammock,1204.8,494.3,6,1.7
hamper,1899.3,1358,5.8,2.1
hamster,1029,301.9,7,0.2
handle,1605.7,1009.7,5.2,2.4
handy,2087.8,1851,3.7,2.4
hangar,1612.2,1065.3,5,2.4
hanger,1493.3,876.1,6.3,1.6
hanky,2058.7,1673,4,2.5
happen,1902.7,1399.3,2.5,1.8
happy,1687.1,2198.6,5.3,2.2
harass,3208.7,4745.1,4.1,2.1
harbor,1710,1410.9,6,2.1
hardy,2109.1,1480.5,3.6,2.2
harem,1524.4,984.3,3.4,2.5
harlot,1561.5,849.2,3.4,2.5
harness,1618.4,1214.5,5.2,2.3
harpoon,1321.1,736.3,5.7,2
harvest,2135.1,3611.8,6.1,1.4
hassle,1959.9,1637.3,3.7,2.2
hatchet,1312.6,616.9,6.3,1.4
haven,2303.8,1418.2,3.2,2.5
havoc,2155.1,2702.7,3.6,2.1
hazard,1383.6,509.9,4.8,2
hazel,1252.2,471.3,5.7,2.1
heathen,1799.1,1064.6,3.4,2.1
heaven,1359.1,1040.3,6,1.8
heavy,1451.4,898.1,5.3,1.8
hectic,2421.5,2873.8,4.5,1.8
heifer,1920.4,1437.4,4.4,2.7
heinous,2204.3,1952.5,2.8,2.4
heiress,1629.9,719.9,5.1,2.1
heirloom,1759.7,1220.7,4.4,2.2
hello,1785.1,1138.2,5.2,2.2
helmet,1489.2,2931.9,6.8,0.8
hemlock,1879.5,1131.3,3.2,2.3
herald,2185.7,1622.6,3.3,2.4
heresy,2234.5,2397.2,2.7,2
hermit,1425.6,785.1,5.7,2.1
herpes,1853.2,1109.7,5.7,2.2
herring,1671,1105.9,5.1,2.2
hiccup,1484.3,862.3,5.9,1.8
hickey,1447.9,843.8,5.9,2.1
hijack,1382.7,676.2,6.1,1.4
hippie,1333.8,1171.8,6.9,1.1
hippo,976.7,400.5,6.5,1.3
hippy,1526,1416.8,6.3,1.8
hither,2236.6,2368,2.8,1.8
hobby,1744.5,1135.3,5.1,2.1
hobo,1270.2,469.1,6.4,1.5
hockey,1014.1,318.8,7,0.2
hokey,2115,1195.5,2.8,2.5
holler,2330,2054,4.3,2.3
holster,1610.1,763.6,5.6,1.8
holy,2473.7,3491.4,4.8,2.2
homage,2940.2,4250,3.1,2.1
homely,1951.2,1489.8,4.4,2.3
honest,2355.2,2751.9,3.1,2.2
honey,1269.4,629.4,6.8,0.6
honor,2453.9,2048.7,4,2.1
hoodlum,1630.8,832.7,5.5,1.7
hooky,2023.7,2874.2,3.9,2.3
hoopla,2383.3,3385,2.5,1.9
hooray,1898.5,1649,4.2,2.6
hormone,2131,1637.8,4.5,2.4
hornet,2224.3,5474.2,6,1.8
horrid,1861.9,1128,4.1,2.3
horror,1572.6,1110.6,4.3,2.2
hostage,1466.9,1171.1,6.3,1
hostel,2479.1,2322.4,4.7,2.2
hostess,1925.7,2332.3,6.1,1.8
hostile,2187.8,2167.1,4.3,2.3
hotel,1188.2,729.6,6.7,1.1
hover,1945.7,2279.6,4.5,2.2
huddle,1245.1,436.5,5.8,1.8
hula,1296.7,644.9,5.8,2
human,1141.3,575.3,6.4,1.4
humane,2093.4,1210.9,3.7,2.4
humble,1936.8,1565.1,3.7,2.1
humbug,2115.6,1819.4,3.1,2.1
humid,1794.8,1334.6,5,2
humor,1517.2,862.4,4.9,2
hundred,1726.5,1062.5,5.5,2
hunger,1453.1,1066.3,4.7,2.4
hungry,1514.5,1000,5.4,2.3
hurdle,1371,2624.5,6.1,1.6
hurrah,2648.6,2871,4.2,2.4
hurray,2135.8,1988,3.6,2.2
hurry,2058.6,1768.8,4.1,2
husband,1181.1,614.4,6.4,1.3
hussy,1543.9,817.1,3.9,2.4
hustle,1812,2161.2,4.1,2.3
hybrid,1329.6,842.3,5.7,1.5
hydrant,1251.2,1829.3,5.7,2.2
hygiene,1723.8,1188.7,5.3,1.9
hyper,1947.2,1445.9,5.2,1.7
icing,1341.8,867.1,6.4,1.2
icon,2040,1253,5,2.1
ideal,2413.4,2249.4,2.8,2
idle,2110.4,1839.4,3.6,2.3
idol,1945.1,2216.3,5.4,2.1
ignite,1882.6,1509.7,5.7,1.7
ignore,2054.3,1606.2,3.8,2.3
image,1824.9,1390.8,5.7,2.1
immense,2412.9,2451.1,3.7,2
immune,1946.3,1212.2,3.8,2.3
impact,2408,2978.3,4.2,2
impart,2638.9,2865.9,2.4,1.7
impede,1926.3,1518.1,2.5,1.8
implant,1988.6,1323.1,5,1.8
implore,1617.3,915.5,2.3,1.9
imply,1941,1816.8,2.3,2
import,2036.5,1874.9,3.6,2.2
impose,1671.5,1318.9,3,1.9
impound,1901.7,1578.4,3.9,2.3
impress,1832.1,1154.8,4,2.1
imprint,1983.1,1416.6,3.4,2.2
improve,2009.7,1614.6,3.4,1.8
impulse,1850,1698.5,3.9,2.3
inbred,2213.5,1847.8,3.3,2.5
incense,2448.5,1920.1,5.2,2.2
incest,2056.7,1628.9,3.6,2.6
include,2230.4,2691.9,3,2.1
income,1599.5,1026.3,3.9,2.3
increase,2604.8,2532.5,3.9,2.3
incur,1891,1976,1.9,1.2
indeed,1788.9,1648.5,1.7,1.3
index,1466.3,1038.8,4.6,2.5
indict,1466.8,872.7,1.9,1.8
induce,2433.3,2045.7,3.4,2.1
indulge,2269.9,3208.2,3.7,2.2
inept,1777.7,1316.8,2.1,1.9
infant,1150.2,570,6.4,1.3
infect,1835.1,1742,4.1,2.3
infer,1614.7,867.1,2,1.4
inflict,2072.4,2153.8,3.2,2.3
inform,2057.2,2244.6,3.1,2.1
ingrate,2301.5,1785.6,2.6,1.9
inhale,1634.8,990.7,5.8,2
inject,1657.6,1072.6,5.4,1.7
injure,1892.8,987.5,4.8,2
inmate,2465.9,5059.8,5.8,1.7
innate,2066.5,1977.8,2.5,1.8
input,1873.3,1451.7,3,2.2
inquest,1600,1335,1.9,1.6
inquire,1574.5,959,2.9,2.1
insane,1820.4,1303.1,4.9,2
insect,1053.7,450.4,6.6,1.5
insert,1917.7,1585.7,4.7,2.1
insight,1890.8,1548.1,2.8,2.1
insist,2020.6,1133.7,3.2,2.2
inspect,1939.1,2200.1,4.3,2.1
install,1659.7,1196.2,4.8,2
instance,1988.2,1777.3,2.4,1.9
instant,1681.2,932.9,3.6,2.2
instead,1822.6,1320.5,1.9,1.7
instinct,2259.4,2294.1,3.1,2.1
instruct,2594.5,1665.1,3.2,2.2
insult,2908.7,3765.6,4.2,2
insure,1601.2,873.7,2.8,2.2
intact,2061.2,1650.3,3.9,2.1
intend,2056.2,1645.2,2.3,1.3
intense,2660.1,2790,3.5,2.5
intent,1940.4,1282.1,2.3,1.7
intern,1588.7,921.7,5.8,1.7
into,1907.7,1411.2,3.1,2.1
intrigue,2047.4,1513.3,2.8,1.7
invade,2136.8,2367.2,4.6,2.1
invent,2215.8,1800.3,3.8,2.1
invest,2340.5,1803.7,3.3,2.1
invite,1827.8,2524.3,4.2,2.3
invoice,2112.9,2915.7,3.6,2.5
invoke,2151.2,2807.5,2.5,1.8
involve,1986.2,2668.5,3.3,2
inward,1836.6,1042.1,2.9,1.8
irate,1866.4,1919.4,3.5,2
iris,1386.4,860,6.1,1.7
iron,1330.6,1019.4,6.4,1.1
island,1618.2,2180.1,6.6,1.1
issue,2680.5,2525.9,3.3,2.2
item,1688.6,819.3,5.1,2.1
itself,1714,1246,2.1,1.9
jackal,1638.7,905.4,4.9,2.3
jacket,1138.9,706.1,6.8,0.6
jaguar,1291.8,1526.9,6.5,1.3
jargon,1790.9,1174.7,3.3,2.5
jasmine,1817.8,2027.7,6,2.2
jasper,2005.9,2036.3,3.1,2.4
java,2026.5,1385.5,5.4,2.2
jealous,1887.9,1872.5,4.3,2.2
jelly,1171.9,681.6,6.5,1.2
jersey,1259.7,619.6,6.6,0.7
jester,1718.3,1159.3,5.5,2.2
jewel,1153.8,543.6,6.8,0.6
jiffy,2486.2,3279.3,4.7,2.3
jiggle,2963.6,6537.3,5.6,2
jingle,1843.2,1660.1,5.3,1.8
jockey,1162,544.7,6.4,1.5
jolly,1393,954.9,5.1,2.2
journal,1163.7,689.9,6.2,1.2
journey,1503.9,776.7,5.2,2.3
judgment,2214.5,1892.7,3.9,2.2
judo,1519.3,861.6,4.6,2.5
juggle,1517.1,1013.8,5.9,2
jumbo,1830.2,1181.6,5,2.1
juncture,1719,1094.4,3.4,1.9
jungle,1268.3,807.4,6.8,0.7
junior,1606.1,763.5,4.5,2.3
junket,1583.7,847.2,2.2,1.8
jury,1181.7,407.4,6.4,1.2
justice,2316.6,2189.1,4.4,2.4
kaput,1777,1025.5,2.3,1.8
karma,2037,2449.3,3.3,2.5
kazoo,1220,2013,4,2.8
kebab,2711.3,3940.4,4.9,2.5
keister,1841.2,1159.8,3.6,2.6
kennel,1051.2,1524.7,6.4,1.3
keno,1477.9,654.6,4.8,2.4
kernel,1302.4,817.9,6.4,1.6
ketchup,992.4,478.6,6.7,1.1
kettle,1539.4,1242.8,6.2,1.7
khaki,1395.1,931.7,6.5,1
kibble,2344.1,3062.4,4,2.6
kidney,1125.4,713.2,6.6,1.5
kingdom,1486.3,785.4,6.5,0.9
kitchen,1423.8,905.9,6.8,1.2
kitten,1162.2,735.6,6.7,1.5
kitty,1053.2,745.5,6.6,1
kiwi,1338,1722.2,6.6,1.2
knowledge,2159.3,1609.6,3.7,2.1
knuckle,1589.6,1389.4,6.7,0.9
kosher,1902.4,1297.6,3.6,2.4
label,1982.3,1291.6,5.3,2.1
labor,1991.1,1927.2,4.8,1.9
lackey,1637.8,746.4,3,2.2
lacrosse,1463.1,695.8,5.8,2.2
lactose,2345.2,2598.4,3.7,2.2
ladder,1192.9,651.8,6.4,1.4
laden,1965,1860.6,2.6,1.9
ladle,1746.1,1183.7,5.8,1.9
lady,1900.5,3097.5,6.2,1.7
lagoon,1347.8,762,6,1.8
lament,1933.9,1142.8,3.1,2.2
language,1889.6,1372.2,4.3,2.4
larvae,1398.1,779.3,5.5,2.2
larynx,1600.9,1181.1,5.1,2.6
laser,1336.6,770.6,5.6,2.2
lasso,1326.6,646.2,5.6,2.2
latent,2051.3,2231.6,2.1,1.6
later,2111,1412.7,2.6,1.7
latex,1631.9,1040.7,5.5,2
lather,2072.1,2028.4,5.7,1.5
latrine,1372.8,668,4.8,2.6
latter,2322,1524,3.2,2.4
launder,2229.5,1985.7,2.7,2.3
laundry,1174.5,808.7,6.4,1.2
lava,1217,512.3,6.5,1.1
lavish,2109.3,1479.5,3.4,2.1
lawyer,1293.7,855.5,6.6,1.3
layer,1767.5,929.8,5,2.3
lazy,2134.9,2044.8,5,2.2
leary,1863.4,1654.7,2.6,1.7
leather,1345.9,743.5,6.5,1.8
lecture,1664.6,1193.9,5,2.2
ledger,1609.6,951,3.9,2.4
leeway,2074.3,1845.1,2.4,1.6
legal,2435,2998.2,3.7,2.4
legend,2678.1,2943.2,3.8,2.3
legion,1668.3,1022.8,4.7,2.4
leisure,1761.8,1045.6,3.8,2.2
lemon,1641.4,1648.9,6.7,0.8
leopard,1099.1,555.3,6.8,1.2
leper,1705.6,1329.1,5.2,2.4
lesion,1850.8,1512.5,4.2,2.2
lesson,1574,905.4,4.6,2.4
lethal,1456.2,1228.4,4.8,2.3
letter,1205,981.9,6.4,1.3
lettuce,1133.3,515.4,6.6,1.2
level,1849.9,1149.4,4.5,2.2
lever,1401.9,887,6.1,1.8
liar,2616.1,3346.6,4.2,2.5
libel,2152,2406.1,2.4,2
licence,1490.7,799,6.1,1.7
license,1753.2,2284.2,6.4,1.5
lilac,1283.4,1014.5,6.2,2.2
lilly,1458,1473.4,5.8,2.2
lily,1345.5,698.8,6.3,2
limber,1836.9,1296.9,5.2,2.2
limbo,1695.1,1099.1,5.7,2
limit,2338.8,2025.8,3.1,2
linen,1147.2,400.5,6.3,1.6
linger,2163.3,1949.3,3.4,2.2
lingo,2291.4,2401.5,3.2,2.2
linguist,2900,5657.2,3.3,2.3
lining,2080.3,2135.8,4.8,2.4
lion,1341.4,2351.7,6.8,1
liqueur,1815.6,1031.4,5.7,1.9
liquid,1233.3,1772.8,6.3,1.6
liquor,1122,583.9,6.8,0.9
listen,2266.7,2544.4,4.1,2.1
liter,1771.4,878.6,6,1.6
litter,1409.6,634.5,5.9,1.5
little,2064.1,2218.2,4.8,2
liver,1286.2,1401.8,6.4,1.3
lizard,1277.7,1267,6.6,1.1
llama,1461.8,1014.8,6.3,1.8
lobby,1377.8,707.5,6.1,1.5
lobster,1041.9,454.6,6.7,1.4
local,1752.9,1059.1,4.2,2.1
locate,2106.3,1978.7,3.5,2.4
locker,1170.4,823.1,6.9,0.4
locket,1429.6,791.7,6.4,1.3
locust,1804.1,2656.1,5.8,2.3
logic,2178.8,1665.8,2.9,2.2
logo,1370.1,605.9,5.1,2.1
lonesome,2470.6,2464,4.3,2.3
lookout,2724.3,2556.3,4.1,2.4
loopy,1728.4,905.7,4.1,2.2
lotion,1244.9,745.9,6.6,0.9
lotto,1743.9,1271.4,5.4,2.1
loyal,2094.4,1698.8,3.9,2.4
lucid,3133.5,5137.2,2.2,1.6
lucky,1920.4,1242.4,4.2,2.3
luggage,1059.4,388.2,6.2,1.6
lumbar,2059.6,2680.5,4.6,2.8
lumber,1464.6,2218.7,6.5,1.2
lunar,1299.8,520.9,5.4,2.2
lupus,2709.5,2994.3,2.9,2
lurid,1899.7,1854,1.6,1.6
luscious,1886.1,1392.2,3.7,2.4
lyric,1867.2,2115.2,5.8,1.9
lyrics,1552.8,1039.5,6,2
machine,1716.8,2523.7,6,1.8
macho,2294.9,4170.6,5.1,1.8
madam,1536.7,938.1,5.6,2
madame,1580.6,963.3,5.8,2.2
maggot,1219.7,618.1,6.3,1.5
magic,2035,1897.5,5.7,1.5
magnet,1293.4,732.5,6.5,1.3
maiden,1661.5,1260.8,5.3,2
maintain,2608.1,2086.2,3.1,2.2
major,2347.9,2350.8,3.8,2.5
makeup,1261.5,813.2,6.2,1.4
malice,1705.5,907.1,3,2
mambo,1914.9,1166,4,2.5
mammal,1419.4,862.7,6.2,1.6
mammoth,1474.8,1126.2,6.4,1.1
manage,2253.7,2032,3.7,2.2
mandate,1977.6,1493.2,3,2.3
mandrake,1990.8,1730,3.5,2.5
manger,2453.2,2031.7,4.8,2.5
mango,1112.7,503.7,6.4,1.5
manner,2383.1,1984.2,3.3,2.2
manor,1447.4,886.3,4.9,2.5
mansion,1336.6,643.9,6.4,1.3
mantel,1881.5,2062.3,6.2,1.2
mantle,1285.1,730.7,5.7,1.9
mantra,2413,2276.8,2.3,1.8
manure,1643.1,1306.2,5.4,2.2
many,2025.4,1510.5,4.1,2.2
maple,1239.2,1973.3,6,1.8
marble,1270.8,578,6.8,0.8
margin,1782,1086.6,4.5,2.3
market,1324.2,910.2,6.3,1.5
maroon,1446.8,807.8,6.3,1.6
marquee,2183.2,1712.7,4.2,2.4
marquis,1873.3,1160.7,2.8,2.1
marriage,1532.3,1005.2,5.4,2
marrow,1980.9,2057.5,4.8,2.3
marry,1945.8,1830.9,5.7,1.9
martial,2176.1,1922.9,4.3,2.5
martyr,1619.5,1348,5.5,2
marvel,2044.6,1939.3,4.1,2.5
mascot,1883.2,4228.8,6.5,1.4
mason,2258.5,1494.5,3.9,2.6
massage,1427.9,792.5,6.5,1.1
masseuse,1847,924.2,5.2,2.3
massive,1435,770.4,4.7,2
master,1706.6,1469.7,5,2.1
matrix,2079.5,3022.9,4.8,2.3
matron,1770.1,819.9,3.5,2.5
matter,2363.6,2115.8,2.9,2.1
mattress,1099,398.7,6.8,1.1
mature,2172.9,1629.9,4.5,2.5
matzo,1831.9,2368.5,2.3,2.2
maxim,2257.8,2267.9,3,2.4
maybe,2182.3,2735.4,2.2,1.5
mayhem,2649.8,3614.2,4.8,1.8
mayor,1237.7,537.5,6,1.8
meadow,1170.9,620,6.4,1.3
meager,1857.2,1737.7,3.3,2.2
measure,1806,2053.1,5.1,1.7
medal,1174.6,418.8,6.6,1.2
meddle,2103.1,1781.8,2.8,1.7
medic,1473.8,1005.4,5.4,2.2
medley,2309.3,2087,3.7,2.3
meeting,1842.7,957.7,5.3,1.9
mega,1636.2,905,4,2.4
melon,1239.2,1174.6,6.6,1.2
member,1819,1614,4.3,2.3
membrane,1855,1140.8,4.8,2.4
memo,1525.6,705.4,4.7,2.3
menace,2266.6,2394.7,3.7,2.3
mental,3229,6104.3,4.1,2.4
mention,2486.2,4648.2,2.4,1.8
mentor,1568.1,880.3,5.5,2
menu,1023.7,356.6,6.3,1.2
meow,1572,1180.3,5.9,1.8
merchant,1239.1,623.9,5.3,2
mercy,1862.4,2262.1,3.6,2.1
meringue,2001.3,1322.2,3.6,2.6
merit,2196.7,2979.2,3.1,2.2
merry,2341.6,3707.6,5,1.7
message,2260.7,1489.4,5.2,1.9
metal,1325.8,578.4,6.2,1.2
meter,1737.2,1681.6,5.7,1.8
methane,1968.1,1022.3,4.5,2.2
method,1467,642.6,3,2.3
metro,1724.7,1170,5.2,2.1
micro,1778.6,1040.9,4.3,2.1
middle,1898.8,1321.3,4.8,2.2
midget,1170.7,347.7,6,2.1
midnight,1632.2,1134.3,6.4,1.4
mignon,2554.7,1884.7,2.7,2.3
mileage,1686.1,2069.2,4.4,2.3
mimic,2194.9,1969.9,4.3,2.4
mingle,3165.2,8317.8,4.5,2.2
mini,1596.7,803.5,5.4,2.1
minion,1915,1638.1,4.5,2.2
minor,2079.7,1825,4.8,2.1
minstrel,2359.5,1849.3,2.5,2
minus,1550.5,669.3,4.8,2.1
minute,2193.2,1497,3.7,2.6
mirage,1556,838.3,5.2,2.4
mirror,1142.2,517.8,6.8,0.7
mischief,2116.7,1558.9,4.2,2.4
misfit,1782.9,866.9,4.5,1.9
mishap,1687.6,981.9,2.8,2
missile,1658.4,2015.7,6,1.7
mission,1787.2,1420.4,4.6,2.3
mistake,1786.7,1522.5,4.3,2.5
mister,1766.9,974.2,5,2.2
mistress,1669.1,1189.2,5.7,1.8
mixture,2155.1,3327.3,5,2
mobile,1861.6,1216.9,4.9,2.3
model,1820,2119,5.4,2
modem,1649.8,836.3,5,2.2
modest,2195.3,2000.4,4,2.2
module,2328,1845,2.6,1.8
mogul,1750.7,874.9,3.5,2.3
moisture,1385.8,508.4,5.4,1.9
molest,2191.6,1837.8,4.9,2.2
molten,1907.1,943.9,4.6,2.4
moment,2372.5,2014.9,2.3,1.7
mommy,1283.3,875.8,6.4,1.4
monarch,1214,507.9,5.5,2.1
money,1110.6,531.9,6.7,0.7
mongoose,1274.6,480,4.8,2.6
mongrel,2110,1763.1,3.6,2.3
monkey,1017.1,650.7,6.8,0.7
monsoon,1810.4,1598.6,5.9,1.9
monster,1278.9,1218.2,6.8,1
montage,2985.7,2530.1,2.9,2
moral,2081.2,1217.4,3,2.1
morale,2649.3,2642.3,3.1,2.2
morbid,2032.1,1857.3,3.5,2.3
morning,1617.5,979.7,6,2
moron,1731,1533.4,5,2.2
morphine,1604.1,806.7,5.6,1.9
morsel,1829.1,1694.5,4.9,2.4
mortal,2657.8,3926.2,4.4,2.4
mortar,2133.7,1548.8,4.4,2.4
mortgage,1992.9,2038.7,4.7,2.3
mosey,1921.2,1795.4,3,1.9
motel,1288.3,657.2,6.4,1.2
mother,1178.7,827,6.8,0.7
motif,2359.1,2451.9,2.4,1.9
motion,1960.3,1401.1,4.3,2.1
motive,2297.3,2405.1,3.1,2.2
motley,2036.1,1745.9,2.6,2.1
motor,1324.6,727.1,6.4,1.6
motto,1802.6,1289.8,3.1,2.3
mountain,1016.6,378.8,6.9,0.6
moustache,1572.2,1899.7,6.7,1.2
movement,1964.3,1365.2,4.8,2.2
movie,1344.1,1005,6.8,0.6
mucus,1308.2,610.5,5.5,2
muffin,1072.4,450.8,6.1,1.8
mullet,1159.9,592.1,6.5,1.3
mumble,1629,1334.6,4.6,2.2
mumbo,2900.3,4213.5,2.7,2.3
mummy,1218.1,488.2,6.3,1.4
munchkin,1990.3,1222.9,5.8,1.9
mundane,2104.3,1422.3,2.4,1.9
mural,1643.1,1533.8,5.5,2.2
murder,1451.7,984.4,5.9,2
murmur,1938.6,1663.3,3.7,2.2
muscle,1372.3,947.3,6.8,1.1
music,1351.5,970,6.4,1.3
musket,1306.5,737,5.8,2
mustache,1221.5,1086.8,6.5,1.4
mustard,1131.3,677.3,6.3,1.8
muster,1663.4,2008.6,3.1,2.3
mutant,1939.6,1919.7,5.3,1.9
mutton,1358.4,607.2,3.6,2.4
muzzle,1182.5,536.7,6.3,1.4
myself,1714.6,1031.5,5.7,2.1
mystic,2022.7,1530.2,4.4,2.2
naive,2377.4,1797.4,3.3,2.3
naked,1353.8,741.1,6.8,1
nanny,1417.2,884.8,6.1,1.5
napalm,2233.4,2009.2,4,2.5
napkin,1269.4,1015.7,6.8,0.4
narrow,1471.8,737.2,5.2,2.1
nasal,1442.4,856.5,5.8,2
nasty,1991.1,2061.8,4.4,2.3
nation,1506.6,531.4,5.7,1.6
native,1557.3,948,5.5,1.9
nature,1458.5,918.4,6.2,1.2
naughty,2271.7,2423.9,5,1.9
nauseous,1867.8,2755,4.4,2.4
naval,1700.4,1406,6,2
navel,1590.6,946.3,6,2
navy,1398.5,644.5,6.3,1.3
necklace,1349.3,1022.1,6.4,1.6
nectar,1573.6,1003.5,5.5,2
needle,1940.5,3074.7,6.5,1.3
neglect,1922.7,1570.4,4.1,2.2
neighbor,1252.6,830.7,6.1,1.9
neither,2139.8,2029,2.4,1.9
neon,1740.6,1407.1,5.9,1.7
nephew,1329.5,897.3,6.3,1.4
nervous,2253.7,1733.9,4.4,2.1
network,1934.2,1563.2,4.5,2.1
neural,2135.7,1599.3,3.2,2.2
neuter,2290.7,2265.7,4.8,1.6
neutral,3361.4,7588,3.2,2.3
never,1718.5,1260.3,2.2,1.6
nexus,1925.8,1523.1,2.9,2.4
nibble,1973.2,1955.4,5.1,2.2
nickel,1069.8,469.6,6.7,0.8
nightmare,1382,654.6,5.8,1.9
nimble,2203.5,1640.6,3.6,2.2
ninja,1134.6,643.3,6.7,0.8
nipple,1339.7,1069.2,6.4,1.4
nitrate,2183.3,2319.6,4,2.4
nitro,2255.3,2622.9,3,2.3
nitrous,2473.9,3100.4,3.8,2.4
noble,2526.2,2090.7,4.3,2.1
noggin,1368.9,569.7,5.9,1.9
nomad,1389.4,505,4.9,2.2
noodle,1162.2,578.3,6.5,1.5
normal,2553.1,1660.6,2.5,1.6
nostril,1372.1,788.6,6.6,0.9
nothing,2277,1742.2,2.8,2.3
notice,1991.5,1333.8,3.1,1.9
notion,2417.5,1775.4,3.1,2.1
novel,1413.8,838.8,5.9,1.5
novice,1894,1656.9,3.8,2.5
nowhere,3153.6,4636.3,2.8,2.1
nugget,1708.5,1100.5,6.3,1.1
nuisance,2463,2197.9,3.4,2.2
number,1305,690.2,5.5,2.2
nurture,2236.7,1667,4.8,2.2
nutmeg,1506.5,851.8,5.7,1.9
nylon,1619.8,1794.2,5.9,1.6
nylons,1248.1,659.1,6.1,2
obey,1967.1,2586.7,3.1,2.2
object,1627,1008.9,4.9,2.3
oblige,1911.8,2004.5,2.4,1.9
obscene,1857.4,1136.4,3.9,2.2
obscure,1818.6,1072.4,3.1,2.2
observe,1996.1,1457.5,4,2.3
obsess,2344.2,2054.3,3.5,2.5
obstruct,2284.2,2307.9,3.9,2.2
obtain,1897.3,1498.8,3.7,2.1
occult,1580.8,971.6,2.6,2.5
occur,1421.5,1986.5,2,1.6
ocean,1240.5,920,6.8,0.6
odor,1869.1,1798.1,5.2,2
offend,1958.3,1358.1,3.3,2
offense,1869.6,1194,4.2,2.2
offer,1928.6,1821.3,3.4,2.2
office,1383.2,858.2,6.2,1.1
ogre,1818,1123.3,6.1,1.5
ointment,1466.4,797.5,5.7,2
okay,1760.1,1362.5,2.9,2.2
olive,1335.7,913.7,6.7,1.1
omelet,877.2,2012.9,6.6,1.2
omelette,1234.4,742.8,6.4,1.2
omen,1732.4,814.8,4,2.3
onion,1210.8,778.3,6.5,1.5
only,1925,1320.1,2.3,1.7
onset,1806.2,1326.2,2.6,1.9
opal,1423.7,1217,4.8,2.7
open,1639.1,1359,5.4,2.1
oppose,2720.6,5122,3.3,2.2
optic,2090.2,2698,4.5,2.2
option,2243.8,1849.7,3.2,2.1
opus,2022.3,1325.4,2.9,2.3
oral,1662.2,1083.8,5.4,2.3
orbit,1813.7,1613.1,5.8,1.8
orchard,1270.5,718.3,6.6,1.2
orchid,1300.9,594.2,6.3,1.5
ordeal,2960.6,3307.5,3.1,1.8
order,2580.5,3316.8,3.6,2.1
organ,1131,531.9,5.9,1.7
orgy,1787.5,776.4,5.9,1.7
orphan,1317.6,764.7,5.9,1.8
ostrich,1280,822.5,6.4,1.6
other,2275.8,2197.9,2.2,2
outfit,1465.1,947.5,5.8,1.6
outlet,1485.3,737.4,6,1.9
outrage,2190.6,2396,4.1,2.2
oval,1376.1,739.3,5.5,1.9
oven,1152.4,504.1,6.9,0.6
over,2471.5,2937.1,3.4,2.1
oyster,1632.3,1996.9,6.7,1.2
ozone,1514.3,864.8,5.7,2
package,1376.4,761.9,6.3,1.1
packet,1746.9,1002.7,5.1,2.3
paddle,1120.9,437.6,6.7,1.1
paddy,2164,1865.5,3.3,2.4
pagan,1982,1417.2,4.1,2.3
pageant,1783.9,1369.9,5.8,1.9
paisley,1743.2,1024,4.9,2.4
palace,1589.1,2732.9,6.5,1.3
palate,2604.3,2169.4,4.3,2.4
palette,2509,1885.3,3.9,2.4
palsy,2294.7,2078.7,2.8,2
paltry,1990.1,1365.7,2.4,2
pamper,1912.5,1317,5.2,1.8
pamphlet,1392.4,659.6,6.4,1.1
panda,894.8,218.5,6.4,1.6
panel,1590.1,1083.5,4.8,2.2
panic,1829.5,1270.6,5,2.1
pansy,1630.2,918.3,5.4,2.1
panther,1133.7,443.8,6.5,1.4
pantry,1596.3,1232.9,6.4,1.4
paper,1148.4,627.9,6.9,0.5
para,1929.6,1612.9,2.4,1.8
parade,1632.8,1752.5,5.9,1.9
parcel,1401.7,386.9,4.5,2.4
parchment,1518.3,1947.2,5.1,2.4
pardon,1951.4,2363.6,2.8,2.1
parent,1293,549.6,6.5,1.3
parish,2468.9,2819.4,4.2,2.5
parka,1210.2,487.1,5.7,2.1
parlay,1977.2,1473.3,3.1,2.3
parlor,1480.9,850.4,5.9,1.9
parlour,1821.2,1494.8,4.7,2.3
parole,2111.6,2104.2,3.9,2.3
parrot,1213.8,721.4,6.5,1.8
parry,2068.9,3174.7,2.8,2.1
parsley,1351.2,679,5.8,2
partake,2063.3,1826.4,3.4,2.1
partial,2108.9,2160.4,3.7,2.1
partner,1808.1,1685.3,5.7,2
partridge,2131.8,2084,4.3,2.8
party,1002.7,355.5,6.6,0.8
passage,2104.2,1715.9,4.3,2.4
passion,2359.7,2685.5,4.9,1.8
passive,1945.5,2197.8,3.7,2.2
pasta,1345.1,1145.2,6.8,0.9
pastor,1135.5,730.9,6.2,1.8
pastry,1343.1,1078.1,6.4,1.4
pasture,1397.7,596,5.8,2.2
pasty,2767.1,3176.4,5.5,2.1
patent,2304,2397.5,3.6,2.3
patient,1805.7,1326.3,5.9,1.8
patrol,1387.2,813.5,4.9,2.4
patron,2246.4,3076.2,4.7,2
patter,2129.9,1570.9,2.1,1.3
pattern,1492.6,608,5.1,2
payment,1833.2,981.4,4.8,2
peacock,1035.7,296.1,6.6,1.5
peanut,988.5,322.9,6.9,0.5
peasant,1924.8,1494.5,5.5,1.9
pebble,1472.6,1034.5,6.5,1.3
pecan,1104.4,1633.6,6.6,1.4
pedal,1335.6,764.4,6.6,1.1
peddle,1625.8,1196,5.4,2.2
pellet,2038.6,2270.7,5.1,2.3
pelvis,1443.7,1148.3,6.1,1.7
penal,2091.2,1839.7,2.4,1.7
penance,2007.4,1399.1,3.7,2.5
penchant,2386.8,2727,2.3,2
pencil,1227.1,594.1,6.6,0.8
pendant,1661.1,1195.4,5.9,1.8
penguin,1337.5,1334.5,6.7,0.6
pennant,1939.7,1085.1,4.1,2.4
pension,1999.1,1266.3,3.4,2.4
people,1284.7,598.5,6.2,1.4
pepper,1456.8,1598.8,6.5,1.5
perceive,2118.2,1884.8,2.7,1.8
percent,1560.2,829.9,5.3,2.4
perchance,2189.6,1197.4,1.9,1.7
perfect,2467.7,2094,3.6,1.9
perform,3447.2,7893.4,4.7,2.2
perfume,1324.9,917.5,6.5,1.1
perhaps,1726.3,1154.2,2.8,2.4
peril,1622.2,809.4,4,2.5
perish,2014.6,1231.4,4.3,2.5
permit,1808.3,1444.8,4.5,2.2
persist,1959,1427.9,3.1,1.9
person,1466.4,855.3,6.1,1.6
persuade,2469.3,1942.2,3.4,2
perverse,2687.4,2299,2.4,1.9
pervert,1493.6,807.7,5.1,2.2
pesky,1975.8,1776.3,3.6,2.1
pestle,1898.7,1585,2.6,2.1
petal,1691.5,2148.1,6.2,1.9
petite,1745.2,1473.3,6,1.7
petrol,2264.9,2130.4,3.8,2.5
petty,2165.7,1937.9,3,2.2
phantom,1697.9,1395.4,5.7,1.7
pheasant,1307.4,553,6.1,1.9
phony,2840,3859.5,3.4,2.2
photon,2441.9,2170.2,4,2.4
physics,1962.6,2120,5,2.1
physique,2000.8,1453.3,5.4,2.2
picket,1942.2,1285,4.6,2.2
pickle,1005.9,304.5,6.9,0.4
pickup,1340.3,964.4,6,1.6
picnic,1213.9,615.6,6.7,0.7
picture,1218.7,640.3,6.2,1.7
pigeon,1621.7,2163.6,6.4,1.6
pigsty,2162.5,1378.9,3.8,2.5
pilgrim,1110.3,488.6,6.4,1.3
pillage,1824.8,1215.9,3.5,2.2
pillar,1200.1,413.7,6.6,1.5
pillow,1125.6,704.8,6.9,0.6
pilot,1099,639.4,6.4,1.3
pimple,1053,443.6,6.3,1.6
pinto,2316.5,2642.6,3.9,2.3
pious,1662.9,1004.2,2.2,1.9
pirate,1109.6,654,6.9,1.4
pistol,1063.3,494,6.7,1.6
piston,1708.7,853.1,5.3,2.3
pity,2332.9,2519.2,3.7,2.4
pixie,1823.2,3091.8,4.8,2.3
pizza,931.8,394.8,6.9,0.4
pizzazz,2170.5,1373.1,3.2,2.2
placid,2317.7,1844.7,3.1,2.1
plaintiff,1468.6,540,5.2,2.1
planet,1097.9,529.3,6.9,0.4
plankton,1495.7,777,4.7,2.3
plasma,1953,2815.6,5.9,1.7
plastic,1381.3,857.6,6.4,1.1
plateau,1250.1,424.9,5.8,1.7
platform,1266.3,562.9,5.6,2
platoon,1581.8,893.4,5.4,2.2
plaza,1568.2,1809.1,5.6,2
pleasant,3032.8,3573.9,3.7,2.3
pleasure,1953.2,1538.4,4.7,2.4
plenty,1783.7,1098.7,4.2,2.2
pliers,1306.6,420.5,6,1.7
plumber,1153,444.8,6.4,1.3
plunder,2368.9,2150.5,3.4,2.4
plural,1921.2,1579.2,3.9,2.3
pocket,1510.5,1197.1,6,1.6
poem,1511.1,932.3,6.2,1.5
poet,1469,799.6,5.2,2.3
pogo,1891.1,1425.2,5.2,1.9
poignant,2599.2,2627.1,1.9,1.2
poison,1332.6,914.7,6,1.2
poker,1082.8,515.6,6.5,1.3
polar,2008.9,2614.6,5.8,1.9
police,1058.6,631.1,6.6,1.5
polish,2104.4,1645.8,5.4,1.6
polite,2272.4,2335.6,4.1,2.2
polka,1308.6,670.4,6,1.8
pollen,2050.3,2224.6,5.5,2
polo,1769.7,1105.2,5.6,2.3
poncho,1286.5,796,5.9,2
ponder,2009.1,1800.4,3.8,2.3
pony,1052.1,420,6.8,0.8
poodle,1112.5,402.9,6.8,1.1
poppy,1673.5,686.8,5.1,2.5
porridge,1936.5,2345.8,5.1,2.5
portal,1863.7,1546.3,4.9,2.3
portion,1975.6,1545.1,4.1,2.2
portrait,1590.2,1187.2,5.9,2
portray,2022.1,1373.5,3.9,2.4
posse,1775,974.4,4.7,2.1
possess,2086.2,1419.6,4,2.1
possum,1383.4,1203.5,6.3,1.6
postal,2102.4,1784.9,4.9,2.1
poster,1394.7,967.6,6.2,1.1
posture,1558.9,752.4,5.6,2
potent,2208.8,2070.7,4.2,2.2
potion,1524.3,851.2,5.7,1.7
potty,1522.6,806.8,6.5,1
poultry,1483.5,895.1,6,1.7
powder,2311.8,6142.9,6.4,1.2
power,2549.1,2591.6,4.2,2.3
practice,2039.6,1443,4.1,2.2
prairie,1421.9,839.8,6.2,1.6
precinct,2646.9,3133.1,3.8,2.4
precious,2161.5,1610.9,4.6,2.3
precise,2033.1,1747,3.2,2
predict,2230.5,1639.5,3.2,1.9
preface,2032,1842.9,2.9,1.9
prefer,1848.4,1525.1,2.7,2
pregnant,1483.7,2459.4,6.6,1.1
prelude,2457,2586.8,2.6,1.7
premier,2627.4,3532.2,3.3,2.2
premise,2037.4,1437.9,2.5,1.7
prepare,2234.5,2809.6,3.5,2.4
presence,2756.9,3827.5,3.4,2.2
present,2174.7,1686.2,5.8,2
preserve,1483.1,1793,3.8,2.1
preserves,3388.2,6863.2,4.4,2.3
pressure,2200.8,1989,4.4,2.3
prestige,2135.9,1855.1,3.6,1.9
presto,2019.7,1646.2,2.2,1.6
presume,1925.6,1774.2,2.4,1.9
pretend,1982.1,1437.8,3.7,2.2
pretty,1624.8,1193.7,5.2,2.2
pretzel,1048.3,521.3,6.7,0.7
prevail,2255.7,2285.2,3.3,2.3
prevent,1997.5,1478.1,3.2,2
prima,1748.5,1298.6,2.5,2.1
primal,2225.1,2333.5,3.3,2.2
primate,1677.3,1382.1,6.2,1.6
princess,1161.5,559.1,6.5,1.4
prior,2320.9,2433.3,2.6,1.8
prism,1700.9,973.7,5.8,1.7
prison,1081.3,698.4,6.8,1.1
pristine,1700.4,1149.8,2.9,2.3
private,2570.6,2602.4,3.8,2.4
privilege,1987.5,1957.1,3.5,2.1
privy,1600.2,1252.4,1.8,1.3
problem,2774.5,6607.3,4.1,2.3
proceed,2041.9,2593.3,3.2,2.4
process,3814.7,9652.2,3.2,2.1
proclaim,1572.5,956.1,4,2.3
produce,2089.9,1644.4,5.1,2.1
product,1975.5,1659,4.8,2.1
profane,2451.9,2093.2,3.7,2.2
profile,1995.9,1384.2,4.9,2.2
profit,1721.8,1292.5,4.6,2.4
profound,1852.9,1293.7,2.4,1.6
program,1533.1,1137.8,4.1,2.4
progress,1955.6,1352.2,3,2.2
project,3166.7,5311.7,4.4,2.3
promise,2301.6,2310.7,3.2,2.2
promo,2003.3,1282.3,3.6,2.1
promote,2231.2,1981.1,3.8,2
pronounce,1942.3,1227.5,3.1,2.1
pronto,2216.1,2029.8,2.7,2
propane,1889.9,1945.8,6,1.5
proper,1792.4,888.8,4,2.4
prospect,2152.6,1313,2.7,1.9
prosper,2709.9,3144.5,3.6,2
prostate,2403,2114.3,5.6,1.7
protect,2067.5,1411,4.2,2.2
protein,1408.8,663.9,5.3,2.1
protest,1754.6,1094.9,5.4,1.9
proverb,1798.6,1359.2,3.8,2.5
provide,1966.6,1434.4,3.4,2.2
province,1704.6,1217.5,3.6,2.6
provoke,2194.4,1767,3.4,2.1
provost,2013,2395.8,1.6,1.3
prowess,2191.1,1633.5,2.4,1.7
proxy,1708.6,1190.8,2.7,2.3
prudent,2160.5,1795.4,2.4,2
psychic,1968.8,1728.6,5.5,1.9
psycho,1483.5,690.7,5.8,1.5
public,1848.1,1212.7,5.2,2.4
publish,1975.5,1279.9,4.6,2.1
pudding,1564.5,899.9,6.4,1
puddle,1348.8,722,6,1.6
pudgy,1494.4,899.7,5,2.2
pulpit,1935.5,1558.3,4.3,2.7
pulsar,2148.6,2073,2,1.6
pumpkin,1255,1503,6.9,0.4
puncture,1478.6,697.5,5.5,2.3
punish,2006.5,2208.2,4.6,2.3
puny,1970.2,1144.4,3.6,2.4
pupil,1480.6,1222.4,6.1,1.8
puppet,1470.9,1595.1,6.8,0.7
puppy,1026.4,550.4,6.5,1.5
purchase,2078,1682.8,5.1,2
purple,1323.4,854.7,6.8,0.7
purpose,2253.1,2245.5,2.9,1.8
pursue,2479,2882.9,4.4,1.8
pursuit,2454,3532.8,4.3,2.2
putrid,1928.2,1416.1,3,2.2
putty,1434.4,734.9,5.6,2
puzzle,1324.5,979.2,6.6,1.4
pygmy,1753.6,988,3.6,2.6
pylon,1653.8,694.2,3.1,2.5
python,1659.4,1407.4,6.3,1.4
quadrant,1962,1415.8,4.6,2.1
quantum,2078.2,1570.4,2.1,1.7
quarrel,1486.7,747.6,4.7,2.2
quarry,1434.5,633.2,4.3,2.5
quarter,1814.7,2302.1,6.5,1.1
quartet,1784.2,1943.9,4.6,2.6
queasy,1835,1033.7,4.4,2.2
query,2111.6,1555.9,2.8,2.2
question,1493.2,1877.1,4.6,2.3
quibble,1810.9,1196.8,2.7,1.8
quiet,2270.7,1958.4,4.1,2.3
quinine,2232.1,1968.4,1.9,1.7
quota,1521.8,2535.9,3.8,2.7
rabbi,1263.5,664.5,6.4,1.5
rabbit,1073.7,717.9,6.8,1.8
rabble,1918.5,1393.7,2.9,1.9
rabid,1916.2,1309.7,3.9,2.4
raccoon,1048.1,387.1,6.7,0.6
racket,1749,1765.5,6,1.9
racy,2013.6,1811.7,3.3,2.1
radish,1247,399.9,5.8,2.1
raffle,1795.4,1220.3,4.9,1.9
rainbow,1025.9,524.5,6.8,0.5
raisin,1259.3,839.7,6.2,2
rally,1444.7,663.5,5,2.1
ramble,1947.9,1932,3.5,2.3
rampage,2497.6,1858.4,4.7,2.2
rampant,2033.8,1378.3,3.1,2.1
rampart,2064.2,1587.6,2.3,1.7
random,1749.6,932.2,3.7,2.3
ransom,1733.3,1258.2,4.8,2.2
rapid,1524,1048.8,5,2.3
rapids,1601.9,1169.6,6.2,1.8
rapport,2182,1742.6,2.1,1.6
rapture,2058.2,1455,3.7,2.5
rascal,1754.9,1930.2,5.1,2.2
ratchet,2090.8,2768.8,5.3,2.4
rather,1675,1079.4,2.3,1.8
ration,1988.8,2594.4,3.7,2.1
rattle,1563.5,1225.2,6.1,1.7
ravage,2162,1752.1,3.5,2.2
raven,1269,950.3,6.8,0.6
ravine,1427.3,641.7,5.2,2.1
razor,1188.6,923.8,6.4,1.3
ready,1886.1,1165.3,3.2,2.4
really,2268.5,2695,2.5,2
reason,2068,1718.6,2.7,1.8
rebel,1780.8,1222.6,4.8,2.3
reboot,1911.4,1125,4.7,1.7
recall,1902.3,1576.1,3.3,2.2
recant,2202.4,2786,3.1,2.1
recap,1689.7,965.6,2.9,1.9
receipt,1379.9,838,6.7,1.4
receive,2001.7,1578,3.5,2.1
recent,2046,1314.6,2.9,2.1
recess,1820.1,1300.5,5.5,2.2
reckon,1955,1780.4,2.3,1.8
recluse,2217.8,1729.6,3.2,2.3
record,1974,1691.9,5.9,2
recourse,3606.5,6869.8,2.3,1.9
recruit,1614.3,1231.6,4.4,2.4
redeem,2680.6,3259.5,3.4,2.2
reduce,2192.5,2199,3.6,2
reefer,2377.8,2309.5,4.3,2.6
refer,1842.7,1132.8,2.3,1.5
reflect,3043.2,6177.1,4.2,1.9
reflex,1457.4,1551.8,4.9,2.3
refrain,2016.4,1432.8,3.3,2.2
refuge,2896.6,4585.3,4.8,2
refund,1522.1,871.6,4.5,2.4
refuse,2017.2,2061,2.8,2.1
refute,2160.9,2357.3,2,1.1
regal,2052.9,1786.6,3.7,2.3
regard,2068,2200.5,2.8,2
regent,1897.5,1234.1,2.3,2
reggae,1621.7,627.3,4.9,2.1
regime,1853.1,1083.4,3.7,2.3
region,1998.9,1449.5,4.9,2
regret,2458.9,2713.2,3.4,2.2
rehab,1557.5,1551.7,5.7,1.9
rehearse,1953.2,1635.4,4.1,2.2
reindeer,1305,685.5,6.3,1.6
reject,1721.6,1592.6,3.9,2.3
rejoice,1747.4,1258.5,4.7,2.3
relapse,1862.9,1152.9,3.6,2.2
relate,2423.2,2436.6,2.7,1.9
relay,2335.6,4689.5,4.6,2.3
release,1950.7,2033,3.9,2.3
relic,1626.9,990.3,3.9,2.4
relief,1836.7,1462.4,3.5,2.2
relieve,2110.3,1598.9,3.7,2.1
relish,1540.9,729.2,4.2,2.4
rely,1780.3,1352.1,2.3,1.9
remain,2030.1,1986.3,2.8,2.1
remark,1746.9,1692.6,3.1,2.1
remind,2513.2,2510.7,2.9,1.9
remiss,2310.2,2782.9,2.1,1.5
remote,1604.4,2294.2,6,2
remove,1972.9,1592.5,4,2.1
render,1813.9,1225.2,2.2,1.8
renounce,2331.5,1741.2,3.2,2.2
rental,1584.3,1081.3,5.3,2
repair,2282.9,1856.7,4.9,1.9
repeat,1796.8,1470.6,3.1,2.1
repel,1915.1,1210.1,4.4,2.3
repent,1906,1302.4,3.7,2.5
replace,1825,1268.9,3.2,2
reply,1882.9,1574.9,3,2
report,2114.9,1671.5,4.6,2.3
repose,1850.4,1165.3,2.2,1.7
reprieve,2130.7,2125.2,2,1.6
reptile,1402.4,1004,6.3,1.5
request,2241.7,2183.8,2.9,1.8
require,2547.5,3225.4,2.5,1.9
rescind,1990.4,1368.3,1.9,1.4
rescue,1905.9,1059.5,5.2,2.2
research,1772.5,1164,3.8,2.3
resent,1887,1545.8,2.6,2.1
reserve,2305.3,1829.9,3.2,2.5
resign,1893.3,2271.6,3.4,2.2
resin,2066.4,1503.6,2.9,2.5
resist,2320.8,1447.2,4.2,2.1
resolve,2539.8,2410.3,3,2.1
resort,1846.6,1428.4,6.1,1.8
resource,2287.5,1994.4,3.6,2
respect,2344.7,1548.4,3.8,2.2
respond,1561.9,1130.5,3.4,2.2
response,2108.1,1925.9,3.4,2.2
restore,1890.5,1451.1,3.2,2.4
restrain,2009.9,1452.4,3.8,2.3
restraint,1990.8,1806.1,4.5,2.3
restrict,2284.3,1868.9,3.4,2.1
result,2914.3,5220.2,3,1.9
retail,1911,1658.6,4.8,1.9
retain,2241.9,1968.6,3.2,2.1
retire,1843.9,1938.2,4.3,2.4
retract,2249.1,2071,4.1,2.1
retreat,2203.5,1580.6,4.2,2.4
retrieve,1733.2,933.1,4,2.3
return,2254.5,2014.9,3,2.2
reuben,1341.7,620.1,4.9,2.4
reveal,2116.5,2317.7,3.2,2.1
revel,1780.1,1243,2.2,1.8
revenge,2016.1,2004.9,3.9,2.3
revere,2676,2734.5,2.8,1.9
reverse,1890,1510.3,4.2,2.3
revert,1699.4,848.7,2.6,1.9
review,2164.7,2112.9,3.2,1.8
revise,1832.1,1224.5,3.3,2.1
revive,2272.1,2365.5,4.3,2.3
revoke,2029.6,1486.8,2.9,2.1
revolt,1666.7,872,4.1,2.3
revue,3057.7,2661,2.4,1.5
reward,1698.2,1149.1,5.3,2
rhino,1168.4,511.3,5.9,2
rhubarb,1562.1,899.4,5.1,2.4
rhythm,2185,1940.1,4.6,2.3
ribbon,1001.7,331.5,6.2,1.8
riddle,2091.6,1319.3,4.1,2.3
riffraff,2198.3,1453.5,3.6,2.1
rigor,2305.7,2598.6,3,2.2
ripple,1482.4,797.4,5.5,1.8
rival,2200.4,2371,3.7,2.2
river,1099.8,913.3,6.4,1.4
robin,1188.5,576.6,6.2,1.9
robot,1095.9,362.9,6.6,0.9
robust,1803,1327.2,3.6,2.2
rocket,1380,1090.2,6.4,1.5
rodent,1098.5,364.6,6.3,1.7
romance,1979.3,1981.2,5.8,1.3
rookie,1667.4,1082,5.2,2.2
rooster,1060.6,406.3,6.8,1.1
roster,1750.5,1046.7,5.4,1.8
rotate,1710.2,1638.5,5.6,1.9
rotten,1395.4,1065.2,5.5,2.2
roulette,1297.9,403.8,6.1,1.8
routine,2758.8,2468.8,3.6,2.5
rowdy,1811.6,1803,4.4,2.2
royal,1174.4,1591.7,5.6,2.2
rubber,1389.8,815.8,6.3,1.5
rubbish,1562.3,586.6,3.9,2.3
rubble,1826.2,2016.1,5.4,2.1
ruby,1307.8,517.2,6.7,1.1
ruckus,1794.9,1002.8,3.3,2.4
rudder,1744.4,1328.3,4.5,2.7
ruffle,1625.5,844.7,4.7,2.5
rugby,1279.2,747.1,5.9,1.6
rugged,1774.6,1129.7,4.6,2.3
ruin,1520.6,799.5,4.9,2.3
rumba,2071.1,1400,3.9,2.4
rumble,1941.4,1758.8,4.1,2.4
rummage,1840.6,2125.3,4.2,2.3
rummy,1969.3,2454.6,3.5,2.6
rumor,1955.7,1726.5,3.4,2.3
rumour,1933.5,1490.3,3.8,2.4
rupture,2192.3,3383.3,4.5,2.3
rural,1436.5,976.9,5,2.4
rustic,2254.2,3124.7,4.7,2
rustle,2207.6,1756.7,3.1,2.1
saber,1453.3,879.3,4.7,2.5
sable,2136.8,1295,3.4,2.6
sacred,2524.5,2452.5,3.5,2.2
saddle,1163.3,545.6,6.7,0.7
sadist,2463.5,2490.5,3.2,2.3
saffron,1753.4,846.5,4,2.5
saga,1705.8,1749.7,3.5,2.4
salad,1183.8,762.7,6.8,0.7
saline,2179.1,2567.4,4.3,2.4
salmon,1410.9,1498.1,6.6,0.9
salon,1660.7,1476.4,6.2,1.6
saloon,1243.2,800,6.4,1.3
salsa,1073.4,473.3,6.6,1.2
salute,1316.7,600.8,5.8,1.8
salvage,2007.9,1660.1,3.8,2.2
sample,1832.3,1082.8,4,2.2
sanction,2124.7,1748.8,2.1,1.8
sanctum,1888.3,1546,2.4,2.2
sandwich,960.8,285.7,6.8,0.8
sapphire,1278.4,839,6.1,1.8
sardine,1158.8,482.6,6.1,1.7
satchel,1270.3,399.9,6.2,1.3
satin,1480.3,1014.6,6,1.9
satire,2038.6,1728.2,3,1.9
saucer,1726.6,1088.5,5.4,1.9
sauna,1232.6,671.2,6.1,1.8
sausage,1026.3,334.5,6.8,0.8
savage,2157.6,2014.2,5,2.1
savior,1532.6,884.2,5.3,2.2
savor,1802.8,1049.7,3.7,2.1
savvy,1845.1,1158.4,2.9,1.7
saying,2173.9,2354.2,2.9,2.1
scalpel,1854.6,1182,6,1.8
scandal,1509.5,783,4.1,2.4
scatter,2110.7,1808.8,5,2.1
scenic,1982.2,1359.9,4.7,2.3
scepter,1808,1539.3,3.7,2.6
scholar,1467,1009.4,5.4,2
schooner,1575.7,772,2.8,2.5
science,2817.8,6763.2,5.2,1.9
scissors,1151.6,588.7,6.6,1.2
scoundrel,2233.8,2205.1,4.7,2.2
scrawny,1590.2,699,5.5,1.6
scribble,1375.2,581.8,6,1.6
scrimmage,2730.5,5951.6,5.7,2
scrotum,1644.1,1036.7,6.3,1.5
scruffy,1513.1,695,5.5,1.6
scrumptious,2060.1,1033.4,3.4,2.3
scruples,2618.5,2709.8,2.6,2
scuba,1402.9,1050,6.8,0.6
sculpture,1361.2,835.2,5.9,2.1
scurry,1773,1306.5,4.6,2
scurvy,1879.9,1055.4,4.4,2
scuttle,2253.6,2498,3.7,2.3
season,1800.7,1764.6,5.9,1.8
second,2226.7,1767.9,4.2,2.3
secret,1900.8,1413.3,3.7,2.2
section,2949.3,4483,3.7,2.5
sector,1850,1083.1,3.7,2.2
secure,2676.8,4479.2,3.8,2.1
sedan,1508.8,862.6,5.9,1.8
sedate,1734.9,1237.9,4.2,2.3
segment,1845.2,1126.2,4.2,2.1
seismic,1959.7,1273.4,3.2,2.1
seizure,1738.6,1351.5,6,1.8
seldom,2872.8,4461.1,2.4,2.1
select,2408.6,2624,3.4,2.3
selfish,2471.5,2756.2,3.3,2.2
seltzer,1776.3,1216.8,3.5,2.6
senate,1380.1,704.3,5,2.2
senile,2353,1813.4,3.1,2
sensor,2382.6,2855.9,4.1,2.3
sentence,1879.7,1111.5,4.8,2.3
sentry,1721.6,1532.2,3.7,2.7
septic,1854.4,2408.5,4.2,2.3
sequel,1838.2,1224.1,3.4,2.4
sequence,1555.7,915,3.2,2.3
serene,1890.9,1767,3.5,2.1
sergeant,1941.6,1304.8,5.3,2.1
series,2035.3,2236.6,4,2.2
sermon,1439.4,687.8,5.3,1.9
serpent,1498.9,1432,5.9,2.1
servant,1366.1,792.2,6.1,1.2
service,2101.4,1985.4,3.7,2.5
session,1911.1,1538.9,3.5,2.1
settle,3014.3,6046.4,3.5,2.1
seven,1164.5,421.1,6.4,2
severe,2210,2513.2,3.7,2.2
sewage,1450.7,961.4,6.3,1.5
sewer,1304.9,681.7,6.2,1.8
shabby,1932.8,1070.2,4.2,2.1
shadow,927,1488,6.5,1
shallow,2000.1,2227.8,5.2,2
shaman,1355.5,551.9,3.7,2.6
shampoo,1120.5,705.3,6.7,0.8
shatter,1520.9,792.8,5.4,2
shelter,1584.5,1319.8,5.9,1.4
sherbet,1610.5,1637.7,5.7,1.8
sheriff,1491.3,1029.4,6.6,1.2
shilling,2155.8,1469.9,3.6,2.5
shimmer,1604.3,877.5,5.7,2.1
shiner,2672.9,1997.2,4.4,2.4
shingle,1387.1,2345.5,6,1.9
shipment,1535.1,1072.6,5.5,1.7
shiver,1413,1097.2,5.8,1.8
shoddy,1810.7,1621.5,3,2
shogun,2008,1117.5,4.1,2.5
shortage,1938.9,1208.7,3.4,2.4
shoulder,1269.2,843.2,6.6,0.7
shovel,1017.2,371.9,6.9,0.2
shower,1488.5,1764,6.5,1.3
shrapnel,1544.7,662.5,4.8,2.4
shudder,2028.9,1574.8,4.6,2.3
shutter,1822,1795.1,5.6,2.1
shuttle,1496.1,885,6.4,1.4
sibling,1652.2,1524.5,6.1,1.6
sickle,2143.7,1179.4,4,2.5
siding,2294.6,2272.7,5.1,2.5
signal,2284.4,2329.1,5.6,1.5
silent,3211.6,3140.9,4.2,2.3
silly,1694.9,1620.5,4.5,2.3
silo,1541.5,1158.5,5.4,2.2
silver,1706,1520.3,6.6,1.2
simmer,3548.5,5714.7,4.8,1.9
simple,2083.1,1974.7,3,2
simply,2364.2,3953.2,3.1,2
sincere,1939.5,1694.5,2.8,2
single,1515.6,875.4,5,2.4
sinus,1668.2,1148.2,5.8,1.6
siren,1444.9,840.6,5.4,2.2
sirloin,1224.8,398.1,6.4,1.3
sister,1461.5,1402.9,6.3,1.6
sizzle,1654.2,1300.7,5.8,1.3
skillet,1265.4,544,6.7,0.8
skinny,1178.6,556.7,6.3,1.3
skirmish,2071.3,1591.3,4.5,2.2
skittish,2182.2,1923,3.7,2
slander,2208.4,1817.1,2.6,2.1
slaughter,1527.5,781.6,6,1.6
slogan,2307.2,3166.6,4.6,2.1
slumber,1511.6,720.5,4.6,2.2
smitten,2038.5,1123,3.6,2.2
smother,1833,1119,4.6,2.2
smuggle,1756.6,1264,4.4,1.9
snafu,1737.8,1129,1.5,1.4
snooty,1625,717.7,3.8,2.1
snorkel,1404.1,903.8,6.6,1.1
snuggle,1597.8,1083.1,6,1.6
sober,2275.4,1994.9,4.9,2
soccer,1022.1,433.3,6.9,0.6
social,1943.2,1631.4,3.7,2.3
socket,1317.6,755.8,5.8,1.8
soda,922.6,287.6,6.6,1.5
sofa,1074.3,395.8,6.9,0.3
soiree,1677.5,978.2,2.5,1.9
solace,2868.1,3530.1,2.4,2.1
solar,2187.1,2713,5.2,2.2
soldier,1163.5,678.6,6.7,0.8
solemn,2121.3,2135.6,3.2,2
solid,1675.9,1091.1,5.3,2
solo,1270.7,555.1,4.8,2.5
solvent,2334,2732.1,4.3,2.2
someone,1994.3,2221.9,4.5,2.4
something,2085.9,1915.2,2.3,1.8
somewhere,1800.2,1102.7,3,2.2
sonar,2130.4,1752.2,4.8,2.4
sonic,1993,1313.4,4.7,2.5
sonnet,1564.8,660.5,4.6,2.4
sordid,1973.6,1479.9,1.9,1.6
sorrow,1634.4,1606.9,4.4,2.3
sorry,1816.4,2733.2,3.8,2.3
sovereign,2059.7,1672.9,2.8,2.1
spandex,1187,349.9,6.4,1
spaniel,2371.8,1734.2,4.7,2.6
sparkle,1827.4,1827.8,6.4,1.1
sparrow,1265.8,1025,6.4,1.6
spasm,1634.6,782.3,5.2,2
spastic,1977.6,1650.1,3.9,2.2
spatter,2698.1,3137.5,4.6,2.4
special,2399.9,1839.4,2.9,2.2
species,2315.6,2298.9,4.8,2.2
spectral,2027.1,1874,2.6,1.9
spectrum,1867.9,2394.4,4.8,2.3
spider,913.9,216.2,6.8,1.1
spiffy,1849.8,1137.1,4.2,2.4
spinach,1434.3,1137.7,6.5,1.3
spinster,1718.2,833.9,3.8,2.5
spiral,1403,554.9,6,1.8
spirit,2515.1,3007.1,4.4,2.2
splatter,1453.1,1880.4,5.8,1.5
splendid,2638.7,3268,3.1,2
splendor,2466.8,1846.8,2.7,2
sprinkle,1691.7,1330.1,6.2,1.5
squadron,1415.4,470.6,4.3,2.5
squander,1980.5,1187.2,2.7,1.9
squeamish,1825.3,1694.9,4.1,2.1
squirrel,984.7,340.4,6.7,0.9
stable,1474.1,807.5,5.4,2.3
stagger,2029.3,1578.6,4,2.2
stampede,1525.1,1354.2,5.9,1.9
standard,2086.7,1632.2,3.2,2.2
staple,1238.8,806.1,6.5,1.3
stapler,1061.5,382.3,6.5,1.5
stardom,2139.4,1788.7,4.1,2.3
stardust,1979.1,1511.3,4.8,2.1
starlet,1982.6,1402.9,3.7,2.5
startle,2234.8,1864.3,3.9,2.2
statement,1898,1175.2,3.7,2
static,1975.8,1413.2,4.2,2.4
station,1701.4,1685.4,6.1,1.3
statue,2110,2905.4,6.5,1.6
stature,3956.9,5022.4,3.3,2.3
status,1897.1,1104.8,3.7,2.2
statute,2500.5,2231.6,3.5,2.5
steady,2388,2014.9,3.8,2.2
stellar,2140.8,1620.3,3.1,2.4
sterile,2413.6,4228.7,4.8,2.1
sterling,1619.3,876.7,4.8,2.4
sternum,1462.7,639.8,6,1.9
steward,1699.8,1304.5,4.7,2.6
stickler,2052.6,1259.5,3.1,2.1
stigma,2983.9,3894.1,3.3,2
stingy,2294.8,1952.3,4.3,2.2
stockade,2014.3,1284.9,3.6,2.5
stomach,1091.1,474.5,6.6,0.9
storage,1777.2,1859.7,5.7,1.8
story,2417.8,2796.8,5.3,2.2
straddle,2038.8,1564.1,5.6,1.8
stranger,1916.5,1769.3,5.6,1.9
strangle,1831.5,1110.5,5.8,1.9
stretcher,1781.6,1186.4,5.4,1.9
stricken,1708.4,862.1,4.4,2.3
stroller,1174.5,604.6,6.3,1.6
strudel,1707,928,5.3,1.9
struggle,2229.4,1780.4,4.2,2
stubborn,2534.2,3085.4,4.2,2.3
student,1124.5,517.1,6.4,1.3
study,1463.6,604.9,5.3,2
stumble,1735.1,1548.5,5.1,1.9
stupid,1718.9,1386.7,3.7,2.5
sturdy,1851.4,1899.3,4.6,2.4
subdue,2265.3,2445.1,3.4,2.3
subject,1813,1480.9,4.1,2.2
sublet,1815,1274.3,2.2,1.9
sublime,2058.4,1521.3,3.2,2
submit,2954.2,3401.1,4.2,1.9
subscribe,1874.5,1739.3,3.9,2.3
substance,1621.8,1357.2,4.2,2.6
subtle,2005.8,1401.3,3.2,2.2
subtract,1899.4,1107.4,4.6,2.3
suburb,1052.8,1599.3,5.3,2.4
subway,1178.2,676.5,6.7,0.9
succeed,2275.7,2076.7,2.8,2.1
success,2715,2010.1,4,1.8
suction,2309.6,3029,4.5,2.2
sudden,2136.4,1691.8,2.9,1.7
suffer,2087.2,1140.3,4.4,2.3
suffice,2094.2,1528.7,3.1,2
sugar,987.5,325.4,6.7,1.1
suggest,2022.1,1321.1,2.9,1.8
suitor,1706.1,1128.1,5.5,2
sulfur,1916.3,1177.3,5.2,2.1
sully,2013.9,1616.3,2.1,1.8
sulphur,2324.1,1831.2,4,2.5
sultan,1392.2,592.9,5,2.5
summer,1322,810.5,6.8,0.7
summit,1642,1130,5.3,1.9
summon,2088.5,2421.6,3.7,2.3
summons,2336.6,2023.4,3,1.9
sundae,1209.3,545.7,6.1,1.8
sunny,1372,792.5,6.7,1.3
super,2256.5,1694.9,3.3,2.2
superb,2311.2,2008.2,2.9,2
supper,2678.8,4627.4,6.2,1.5
supple,2359.7,1960,3.1,2.1
supply,2231.4,1836.9,3.6,2.2
support,2096.9,1494.9,4.6,2
suppose,2064,2099.1,2,1.8
suppress,1962.6,1372.3,3.2,2.2
supreme,1925.1,2285.5,4.1,2.2
surface,1941.5,1408.9,5.5,2.1
surgeon,1056.9,371.7,6.9,0.8
surly,1637.9,1146.8,2.4,1.8
surplus,1701.4,1335.1,3.3,2.2
surprise,1849.3,1748.9,4.7,2.1
surreal,2313.7,2230.9,2.9,1.9
surround,3091.3,4027.4,4.4,1.8
survey,1739.9,1210.9,5.4,1.9
survive,3770.8,5595.6,4.5,2.2
sushi,1059.9,453,6.6,1.3
suspect,2311.4,2618.4,4.5,2.1
suspend,2104,2485.1,4.3,2.1
suspense,2400.5,1838.3,3.9,2.3
sustain,1931.8,1209.4,2.7,1.8
suture,1589.6,651,4.5,2.7
swallow,1702.9,932.5,6.2,1.3
sweater,1107.2,489.7,6.6,1.4
swindle,1752.1,1175.9,3.3,2.2
symbol,2020.2,2038.8,5.2,2
symptom,1889.6,1607.9,4,2.5
syndrome,1932.7,1462.3,3.9,2.3
syringe,1378.6,476.4,6.1,1.8
syrup,1051.1,383.8,6.4,1.6
system,1990.3,1639,4.2,2.4
table,1354.6,924.6,6.8,1.3
tablet,1869.1,1386.5,5.5,1.8
tabloid,1760,916.7,6,1.5
taboo,1727.8,2131.8,4.2,2.2
tackle,1808.4,1839.5,5.9,1.6
taco,1236.2,595.1,6.9,0.4
tactic,2301.9,2067,2.7,2.3
taffy,1114.4,326,5.9,1.9
tailor,1259.3,648,6,1.7
talcum,1618.1,1131.9,3.3,2.3
talent,1831.6,1017.1,3.6,2.2
talon,1400.3,689.5,5,2.5
tampon,1382.8,1040.5,6.4,1.6
tangle,1690.9,1426.7,5.2,2.2
tango,1345.2,698,6.3,1.3
tantrum,1774.1,1995.2,5.1,2.2
tardy,3372.8,8296.7,5,2.3
target,1135.7,455,6.1,1.7
tartar,1600.7,830.3,4.9,2.3
tassel,1435.5,990.2,5.9,1.8
tattoo,963.8,282.2,6.6,1.4
tavern,1172.9,452.3,5.7,1.9
tawdry,1798.6,1165.5,1.3,0.9
taxi,907.8,308.8,6.9,0.6
teacher,923,273.5,6.8,0.5
technique,2479.2,2567.9,3.9,2.2
teeming,1956.1,1384,2.6,2
temper,2067.6,1770.4,4.2,2.3
tempest,1670.1,659.8,3.8,2.2
temple,1483.3,1496.4,6.1,2
tempo,2209.4,2395.6,3.8,2
tenant,1852.4,1310.8,4.6,2.3
tender,1558.5,921.1,4.8,2.3
tendon,1414.8,754.5,5.5,2.3
tennis,1525.9,1979.3,6.5,1.2
tenor,1637,1115.6,3.1,2.4
tension,1675.2,1581.5,4.1,2.6
tenure,1947,2007.9,2.4,1.8
tepee,1771.3,1359.7,5.5,2.3
termite,1435.5,2387.7,5.9,2.1
terrace,1551.1,1039.4,5.2,2.3
terrain,1911.9,1792.1,5.9,1.4
terror,1714.5,1526,4.8,2.2
texture,1668.1,1399.7,4.5,2.4
theory,1702.1,1255.9,3.4,2.3
therefore,1593.1,819.6,1.6,1.2
thermal,2171.7,2775.7,5,2.2
thesis,1802,931,4.3,2.4
thorough,2000.7,1580.5,2.1,1.7
thousand,1948.9,1902.2,5.6,1.9
threshold,2066.5,2063.9,3.7,2.4
throttle,2372.9,3624.1,5.2,2.1
thunder,1701.5,1955,5.9,2
thyroid,1826.5,1596.7,5.5,2
ticket,1073.6,472.3,6.3,1.3
tickle,1546.2,1071.6,5.8,1.4
tidy,1589.6,871.7,4.8,1.9
tiger,1078.9,406.1,6.6,1.5
timber,1387.5,825.2,6.3,1.9
timid,1804.2,1657,4.5,2.3
tingle,1893.1,1804.9,4.6,2.3
tinker,2708.7,3574.5,3.7,2.4
tinkle,1982.4,2039.7,4.9,2.3
tiny,1484.2,1325.7,5.9,1.3
tipsy,1508.6,799.3,5.3,2
tissue,1246.6,697.8,6.4,1
titan,1674.8,1282.8,5.2,2.1
title,1897.4,1523.9,5,2.3
today,2161.1,2492.3,4.2,2.6
toddler,1291.9,731.8,6.5,1.3
tofu,1281.2,916.3,6.2,1.7
toga,1439.2,670.7,6,2.1
toilet,985.4,319.8,6.9,0.5
token,1434.3,782.7,5.8,1.9
toner,2005.8,1633.2,4.1,2.4
tonic,1917.1,1968.8,4.6,2.2
tonight,1884.1,1129.5,4.3,2.2
tonsils,1593.6,1649.9,6.1,1.9
topaz,1721.8,1443.9,5.3,2.4
topic,2118.9,2293.3,3.1,2.3
topple,1613.3,884.1,4.5,2.3
torment,2485.6,3105.3,4.2,2.1
torrid,1837.9,1205.9,2.5,1.9
torso,1486.1,1354.1,6,1.6
tortoise,1241.2,695.8,6.4,1.5
torture,1929.9,1338.1,5.5,2
total,1999.9,1832.5,3.9,2.3
totem,1376,676.8,4.5,2.6
toupee,1674.8,1045.3,5.6,2.2
towel,708.7,1433.8,6.8,1.1
tower,1079.6,337.8,6.5,1.2
toxic,1785.2,1178.1,5.5,1.8
toxin,1576.5,1267.8,5.3,2
traction,1917.5,1926.9,4.7,2.1
tractor,1095.2,568.1,6.8,0.6
traffic,1141.7,545.4,6.6,1
tragic,2048.2,2148.7,3.7,2
trailer,1396.3,644.2,6.4,1.7
traitor,1554.1,846.9,5,2.1
trample,1920.7,817.8,5,2
tranquil,1447.8,1846.4,4.9,2.5
transfer,2346.1,2397.1,4,2.4
transit,2126,1432.7,3.9,2.2
translate,1895.7,1222.4,3.7,2.5
transmit,2169.1,1427,3.6,2.3
transplant,1835,1447.4,5.1,2.1
transport,1775.5,1384.2,5.2,2.4
trapeze,1663.9,1363.2,5.8,1.9
trauma,1456.5,597.6,4.9,2
travel,1557.7,819.1,5.5,1.8
traverse,1909.7,1399,3.4,2.1
treason,2301,3873,3.5,2.5
treasure,1418,1135.2,6.7,1.1
treatment,2179.6,2171.8,3.9,2
treaty,2075.8,1758.8,4.6,2.1
tremble,1330.1,542.8,5.3,1.9
tremor,1737.3,1365,3.7,2.4
trespass,1877.9,1062.7,4.2,2.2
triad,2052.7,1680.7,4,2.4
trial,1493.8,824.4,5.5,1.7
tribal,1198.2,1629.1,5,2.3
tribute,1854.3,992.3,4,2.2
trifle,2036.6,1574.7,3,2
trigger,1474.4,721.2,6,1.6
trinket,1714.1,777,5.1,2.1
trio,1825.5,1254.8,4.8,2.4
triple,1971.1,1391.4,5,2.2
tripod,1482.8,768.7,6.1,1.6
triumph,2100.8,1943.6,4.3,2.2
trolley,1461.6,785.7,5.6,1.9
trombone,1162.6,405,6.5,1.6
trooper,1328.9,875.5,6.4,1.5
trophy,1299.3,944.9,6.9,0.4
tropic,1849.1,1630.9,5.9,2.1
trouble,1976.6,1876.3,3.8,2.1
trouper,2938.6,3017.3,3.7,2.3
trousers,1315.1,898.7,6.2,1.5
trumpet,1161,470.8,6.4,1.7
tuba,1270.1,550.4,6.1,1.7
tulip,934.4,334.8,6.7,1.2
tumble,1699.1,1303.5,4.9,2.1
tummy,1276.6,677.9,6.4,1.2
tumor,1654.2,1303.4,5.7,2
tuna,1080.3,400.1,6.7,1.1
tunic,1357.5,685.4,5.6,2.3
tunnel,1474.6,1159.8,6.4,1.3
turban,1238.7,530.3,6.1,2
turbine,2125.8,2650,4.8,2.5
turkey,1315.7,1121.6,6.5,1.5
turmoil,1948.5,2516.4,4,2.3
turnip,1397.7,920.6,6.2,1.8
turtle,1113.5,525.2,6.9,0.4
tutor,1478.3,799.9,5.7,1.7
tutu,1320,549.1,6.2,1.9
twinkle,1457.5,1115,5.5,2.3
twister,1434.8,1119.9,6.6,1.3
tycoon,1928.2,1439.4,4.5,2.3
typhoon,2342.2,4675.7,6.1,1.6
typo,2061.9,1953.9,5.1,1.9
tyrant,1405.6,630,4.3,2.4
ugly,1402.5,1847.8,5.4,2
ulcer,1573.6,782.5,5.3,2
ultra,2055.6,1568.3,2.9,2.3
uncle,1080.5,371,6.4,1.4
uncouth,1649.2,1043.6,1.8,1.4
union,2286.9,2230.2,4.5,2.2
unique,2129.1,1247.4,3.6,2
unite,3045.7,4205.7,4.2,2.1
unless,1574.4,890.5,2.4,2
until,1684.5,2424.5,2,1.7
upon,1591.4,827.4,2,1.5
upset,2132.2,1773.6,4.3,2.1
urban,2029.1,1541.9,5,2.4
urgent,2264.4,1808.3,3.6,2
usher,1562.7,1172.1,6.2,1.7
utmost,1878.5,1630.7,2,1.4
utter,1739.2,2129.3,4.3,2.3
vacant,2323.4,4261.5,4.5,2.4
vacate,2257.5,2398.2,4.2,2.4
vaccine,1700.1,1161.1,6.1,1.6
vagrant,1863.8,2152.8,2.6,2.1
valet,2093,3404.7,5.1,2.2
valid,1764.3,1227.7,2.6,2
valley,1208,623,6.2,1.5
valor,1467.8,700.2,3,2.2
vamoose,2079.2,1664.1,2.4,1.9
vampire,1117.3,569.1,6.8,0.5
vanish,2094.6,2244.4,4.5,2.2
vanquish,3858.9,10828,3.3,2.3
vantage,2030.3,1541.2,3.2,1.9
vapor,2363.4,2773.6,5.3,1.9
varmint,1820.3,1076.8,4.7,2.3
vary,1846.9,2724.2,2.9,1.9
vassal,2563.3,3149.3,2.8,2.2
vector,1916.8,1254.6,3.3,2.3
vegan,1741.6,1252.4,5.2,2.1
velcro,1477.2,547.9,6.2,1.3
velvet,3443,11846.9,6.2,1.7
vendor,1587,1039.6,5.8,1.5
veneer,2148.2,1599.2,3.9,2.5
venom,1328.4,480.3,5.5,2
venture,2401.6,3329.2,3.1,2.1
venue,1846,1952.1,3.7,2.1
venus,1760,1432.5,5.7,1.8
verbal,1928.8,1435.1,4.1,2.5
verdict,2377.7,2134.2,4.2,2.1
vermin,1978.1,1956.5,4.9,2.4
vermouth,2246.2,1940.5,2.4,2.1
version,1853.5,1044.5,3.2,2.2
versus,2583,3746.3,3.7,2.5
very,1636.3,1377.6,1.9,1.7
vessel,1451.5,2675.5,5.9,1.9
veto,1554.4,1248.8,3.6,2.5
vibrant,2164.1,1848.4,5,2.1
vibrate,1817.4,1263.4,5.6,1.7
vicar,1751.3,1567.1,2.3,2
vicious,2213.7,2784.9,4.5,2.2
victim,1492.9,834.4,5.6,1.7
vigil,1898.6,1335,3.8,2.4
villa,1211.1,410.4,5.1,2.5
village,1838.5,1912.4,6.2,1.4
villain,1925.1,1823.8,5.7,1.9
vintage,1804.3,1289.4,4.5,2.4
vinyl,1577.7,1339.2,5.5,2
viper,1173.4,427.3,5.3,2.3
virgin,1537.4,1151.5,5.4,2.1
virile,1851.6,1436.7,2.1,1.5
virtue,1653.4,1043.9,2.7,1.8
virus,2118,2336.1,5.4,2.1
visa,1555.9,1230.2,5.9,1.9
vision,2045.2,1646.6,5.2,2.2
visor,1599.5,909,5.6,2.1
vital,2045.7,1512.2,3.9,2.4
vitro,1837.6,1560.4,2.4,2.1
vivid,2089.1,2733.1,4.5,2.1
vixen,1306.3,640.8,4.4,2.6
vodka,1263.3,937,6.7,1.1
voltage,1789.2,1372.9,5.3,2
volume,1925,1532.4,4.8,2.3
vomit,1182.7,532.7,6.2,1.8
voodoo,1488.3,857.5,5.3,2.1
vortex,2413.4,3516.2,4.5,2.4
voucher,1740.4,967.1,4.8,2.1
vowel,1668.6,637.9,5.5,2.1
voyage,1490.5,565.7,5.3,2
vulgar,1797.1,1527,3.9,2.4
vulture,1378.9,575.7,6.3,1.7
wacky,2487.9,1994.2,4.5,2
waffle,1375.1,903.1,6.7,1.2
wager,2075.9,1849.3,3.6,2.2
wagon,1243.5,778.2,6.3,1.6
waiter,1020.1,447,6.8,0.7
waitress,1262.9,728.2,6.7,1.1
waiver,1752.1,1024.7,3.7,2.2
wallet,1134.2,964.7,6.5,1.5
wallop,1879.9,1776.1,3,2.3
wallow,2058.2,1677.1,3.2,2
walnut,1166.5,1000,6.7,0.8
walrus,1207.1,625.2,6.6,1.6
wander,1772.4,1348.4,4,2.2
wanted,2352.1,1487.2,4,2.4
wanton,2075.1,1727.3,3.9,2.5
warden,1273.1,622.4,5.3,2
warlock,1766.9,1607.8,4.5,2.5
warrant,1884.2,1341.3,5,2.4
wary,1850.3,1379.2,2.9,2.2
water,1214.2,640.2,6.7,1.3
weapon,1030.5,322.1,6.5,0.9
weary,1897.3,1240,3.8,2.2
weasel,1115.8,462,6.1,1.8
weather,1623.9,1504.3,6.3,1.6
wedding,1237.8,668,6.5,1
wedgie,3117.4,8614.7,6.3,1.5
wedlock,1783.2,1079.6,3.7,2.4
weekend,1604.3,1140,4.9,2.3
weirdo,1445.2,800,5.3,2
welcome,2208,2066.6,4.4,2.4
welfare,1966.8,1713.7,4.1,2.3
whammy,2260,2709,3.2,2.2
whereas,1453.1,703.5,1.5,1.3
whether,1676,964.9,2.5,2.2
whimper,1653.7,1078,5,2.1
whiskey,1029.5,339.2,6.7,1.1
whisky,1236.3,983,6.1,1.8
whisper,2064.9,2557.6,5.3,1.9
whistle,1092,405.2,6.1,1.7
whoopee,2176.8,1475.9,3.9,2.4
whopper,1211.5,490.4,6.4,1.5
wicked,1806.1,1105.8,5.2,1.9
widow,1508,932.6,5.9,1.7
wiggle,1744.5,1121.4,5.2,2
wily,2466.9,4030.7,2.6,2
window,1128.1,519.4,6.8,0.7
winter,1164,504.4,6.5,1.5
wisdom,1719.3,949.7,3.9,2.1
withdraw,2104.1,2065,4.3,2.5
wither,1562.1,829.6,4.3,2.3
without,2329.1,1887.4,2,1.4
witness,2281.9,2294.7,5.5,1.7
wizard,1304.6,1205.4,6.5,1
wobble,1587.9,1103.2,4.5,2.4
woman,1221.6,648.9,6.3,1.4
wonder,2266.7,2274.7,3.7,2.1
wondrous,1812.8,1318.8,3.4,2.3
woozy,1532.7,811.7,4.2,2.2
worry,2346.5,2544.5,4.1,2
worship,1660.5,960.9,5.4,2.2
wrestle,1311.5,692.3,6.5,1
wrinkle,1140.9,548.9,6.6,0.9
yahoo,1593.8,980.3,5.1,2.2
yellow,1260.1,994.6,6.7,1.4
yodel,1693.4,1532.6,4.5,2.3
yoga,1142.9,675.8,6.5,1
yogurt,1375.8,997.2,6.4,1.5
yonder,2572.4,2664.5,3.4,2
yourself,1928,1527.7,5.5,2.1
yummy,1741.8,1027.8,4.6,2.3
yuppie,1940.3,1378.1,4.3,2.4
zebra,1100.6,842.3,6.6,1.2
zephyr,1963,1473.7,3.1,2.3
zero,1416.7,555,6,2.1
zipper,967.1,307.8,6.7,0.8
zombie,1181,543.4,6.7,0.7
